,y_true,y_pred
11,1,0.457467066182306
14,1,0.008923625550739113
25,1,0.19325507063189754
33,1,0.4129568726175929
35,1,0.6821404817419551
50,0,0.994892149183248
51,0,0.5578862397080437
58,0,0.4641270172266016
81,0,0.8078424178246472
88,0,0.9800231515413028
13,1,0.7213884055514528
15,1,0.9336392789936793
20,1,0.08606087000380751
29,1,0.42989310433965156
45,1,0.36594064555355016
76,0,0.9588587587911139
84,0,0.9899843747788575
85,0,0.48435222492290175
90,0,0.9787355516568434
0,1,0.9826551151090936
10,1,0.973946783510696
31,1,0.46904756719604884
40,1,0.412555557844274
47,1,0.7518019976388098
54,0,0.9962264539376758
56,0,0.4730493291458489
70,0,0.9770652753835324
74,0,3.034943312525131e-05
4,1,0.2426139036202038
9,1,0.462812384480976
19,1,0.9479834197205931
21,1,0.7703614603823696
42,1,0.8963276475209574
64,0,0.9300597164651775
65,0,0.013036958156064876
82,0,0.7207366011903551
83,0,0.8198193417813546
22,1,0.9983466612740267
34,1,1.66983623340183e-08
38,1,0.9997347838867049
41,1,0.003327237844806134
44,1,0.1260244365147093
57,0,0.9932848069421508
61,0,0.036437974281564665
80,0,5.689662700514332e-11
87,0,0.8087392661689976
6,1,0.3222334968763124
7,1,0.231381672819257
27,1,0.9793750182471577
30,1,0.18204129123641888
48,1,0.1779651422105506
53,0,0.0018288726190748004
67,0,0.9993377074250054
68,0,0.4640789407235281
75,0,0.6417822552222399
2,1,0.9704771798054008
8,1,0.9636322882103556
23,1,0.9988680853727596
24,1,0.9741990688752068
28,1,0.032541624256489904
52,0,0.0008058831959072811
73,0,0.9999654198227023
86,0,0.0008718896757535718
89,0,0.9856662067888967
1,1,0.014428543666089807
12,1,0.7096292801932433
32,1,0.9605461978233305
37,1,0.9749932083373507
49,1,0.7759550200639735
59,0,0.429015219677363
63,0,0.031069341034481727
71,0,0.259523978619607
78,0,0.0316758750660366
16,1,0.9996358551370594
26,1,0.7842444217376039
36,1,0.999684770331287
39,1,0.9973069197099039
46,1,0.1458480609850691
62,0,0.24857260586038576
66,0,0.9989917236842919
69,0,0.9999247863350376
79,0,2.608525288104818e-09
3,1,0.10512672833687262
5,1,0.9956001815686619
17,1,0.82345185426824
18,1,0.9966283546729435
43,1,0.027483331459240652
55,0,0.017914119986027988
60,0,0.27585543328514023
72,0,0.0625906392967501
77,0,0.5989759881360904
