,y_true,y_pred
0,0,0.0009391347541605916
11,0,3.977041084785136e-05
12,1,0.9752656078051661
23,1,0.9998242489868784
40,1,0.9757032914812056
50,1,0.9999981882689469
7,1,0.40208819759816683
17,1,0.993346244579394
20,0,0.9350594200803869
22,1,0.5553999676195501
36,0,0.08308790414037082
3,1,0.6455711133508462
5,0,0.07499260627799241
15,1,0.8412999725318663
32,1,0.9827303377491218
42,0,0.0017342930314106172
2,1,0.9999913663230042
4,1,0.9756877114673943
39,1,0.9840041791708208
46,0,0.2711689889111827
49,0,0.9131780833043682
14,1,0.9999998495567981
18,0,0.04091453172963054
30,1,0.7482088240401918
31,1,0.6187649407203689
37,0,0.9998243967238178
8,1,0.9846953682404158
9,0,0.7212826831400745
26,1,0.9995072698197301
33,1,0.999991207652997
47,0,0.9858305246676505
1,1,0.9999960066030646
25,0,0.9966592251554712
35,1,0.9999623160895593
43,1,0.09923378879965852
44,0,0.003245700513930071
6,1,0.9760663307104598
21,1,0.9734589494427559
24,1,0.9947839015000417
27,0,0.09450316090791017
48,0,0.10034908582962168
16,1,0.05052889290086762
19,0,0.018198368414330226
29,0,0.0022152259240265375
38,1,0.9999820938665013
45,1,0.9999999999996623
10,1,0.9999995522556322
13,1,0.9999572120211353
28,1,0.0505700128404469
34,1,0.031141433343045644
41,0,0.4707880818482426
