,y_true,y_pred
0,0,0.6611856070279323
11,0,0.6722247655370682
12,1,0.6910732233720506
23,1,0.5054614085680248
40,1,0.6580010247623441
50,1,0.5311623077033903
7,1,0.6340284182924026
17,1,0.6270001927458086
20,0,0.636125821587826
22,1,0.6317426691366905
36,0,0.6317923219768823
3,1,0.5784198836114962
5,0,0.6580501639146816
15,1,0.705850871095558
32,1,0.6319571336987195
42,0,0.6390710701180886
2,1,0.6329547843443318
4,1,0.5902362325748971
39,1,0.6309396558354099
46,0,0.6025159705769417
49,0,0.6114758264295924
14,1,0.634148331608206
18,0,0.6084878700437473
30,1,0.6091553622459025
31,1,0.6308511663563092
37,0,0.6324578419839619
8,1,0.5461312252376022
9,0,0.5855792870310645
26,1,0.5400083112041834
33,1,0.6763481743380436
47,0,0.7102371830439544
1,1,0.5666902461012087
25,0,0.6780828512276578
35,1,0.6763836543056392
43,1,0.6569967197239776
44,0,0.6786450746075025
6,1,0.5962246837000734
21,1,0.6603301040653747
24,1,0.6600672814699713
27,0,0.6509231970047044
48,0,0.6338912500174632
16,1,0.60435856620876
19,0,0.5556787362222997
29,0,0.6467764862385375
38,1,0.6015136475965198
45,1,0.6495871194202435
10,1,0.6529909069072931
13,1,0.5126618982149856
28,1,0.5589398193518129
34,1,0.516839272681108
41,0,0.6362892172040489
