,y_true,y_pred
11,1,0.6309729437813872
14,1,0.9999999741175927
25,1,0.6989931798623233
33,1,0.9999714198390116
35,1,0.1825594034822122
50,0,0.41422572402791585
51,0,0.3651794924571687
58,0,0.8657522133439904
81,0,0.31398789195532806
88,0,0.28271541509979414
13,1,0.9933573634909098
15,1,0.21439788130425239
20,1,0.47034575155908664
29,1,0.9911044146236948
45,1,0.9028417284573802
76,0,0.16679453564892532
84,0,0.8880699856056655
85,0,0.7899830002125992
90,0,0.9049841807887131
0,1,0.9869204269554689
10,1,0.9971656066864261
31,1,0.11464114762798527
40,1,0.9999888683470346
47,1,0.7373115601976393
54,0,0.9786746525404697
56,0,0.9386458533119354
70,0,0.999999987697806
74,0,0.7249900162874231
4,1,0.7010760950250873
9,1,0.11205560575525994
19,1,0.47813770163135055
21,1,0.0006963330621631849
42,1,0.162120090607618
64,0,0.005012939575757846
65,0,0.9933831121818965
82,0,0.7034545153862344
83,0,0.26055413442908665
22,1,0.9999998447383477
34,1,5.58134904529037e-06
38,1,0.7706317307899364
41,1,0.5440001274252471
44,1,0.9566573260616641
57,0,0.002880508796867786
61,0,0.7517482569141912
80,0,0.7097882593345863
87,0,0.17364780986953976
6,1,0.9397881661345973
7,1,0.2647994989299447
27,1,0.06472285146651882
30,1,0.9956361568568867
48,1,0.7640343777968475
53,0,0.0033364893482430475
67,0,0.9999999999999922
68,0,0.8625135466145214
75,0,0.9016222416263713
2,1,0.9576806848216558
8,1,0.9993072271390878
23,1,0.13655435584991166
24,1,0.956060607645416
28,1,0.021174953643500742
52,0,0.8827764854435639
73,0,0.9990896196238447
86,0,0.017008968444524576
89,0,0.999192957494883
1,1,0.0003299957666965571
12,1,0.6164507961462878
32,1,0.4102560579258539
37,1,0.8648133883413431
49,1,0.881577081473254
59,0,0.00958590655778036
63,0,0.999999268611826
71,0,0.09003256775413396
78,0,2.0510860947828237e-07
16,1,0.5187448763624147
26,1,0.684848270831084
36,1,0.00263948744591476
39,1,0.9994724458432999
46,1,0.377964566096774
62,0,0.3802243658138821
66,0,0.6769337847143966
69,0,0.5324617489049196
79,0,0.2624013288407593
3,1,0.9989098737965156
5,1,1.0
17,1,0.11527998751298492
18,1,0.02139494520557
43,1,0.010959153823322389
55,0,0.05643146249039222
60,0,0.9973314777434907
72,0,0.7428929932392444
77,0,0.7897108537601721
