,y_true,y_pred
0,0,0.3292986922730002
11,0,0.08793614622066315
12,1,0.8518106820345837
23,1,0.8872745116683521
40,1,0.4530802813183605
50,1,0.8998449072721598
7,1,0.5379543346531784
17,1,0.8704778487667756
20,0,0.5475917803954284
22,1,0.026515027044514698
36,0,0.6868357707344429
3,1,0.5516394188578002
5,0,0.03753224858461874
15,1,0.5420348625248695
32,1,0.8179347780769168
42,0,0.0151623126212257
2,1,0.9309537055875046
4,1,0.8997803047485629
39,1,0.6972465638818857
46,0,0.9050841306879942
49,0,0.8256770196789824
14,1,0.9714715212763372
18,0,0.015861681709225913
30,1,0.4928325848410181
31,1,0.6562847090270851
37,0,0.9713443764148149
8,1,0.8754058098212033
9,0,0.862872699140739
26,1,0.9205825784649364
33,1,0.6853028899993981
47,0,0.8527990659555453
1,1,0.627732305533511
25,0,0.5818131038759949
35,1,0.5262656201795425
43,1,0.6511885325104572
44,0,0.6606124558872015
6,1,0.8165365049286666
21,1,0.7317639610147099
24,1,0.6496993186210572
27,0,0.14824100325139136
48,0,0.10331130903967019
16,1,0.7598488193183726
19,0,0.5782342228323538
29,0,0.43704865788511554
38,1,0.8254420789757861
45,1,0.8083078488339617
10,1,0.751676715823904
13,1,0.7830401523943082
28,1,0.48628784947044956
34,1,0.5951702503689372
41,0,0.4033544347184809
