,y_true,y_pred
1,1,0.9987967040105866
8,1,0.9968939493269137
14,0,0.08020476290660324
24,1,0.9999791767951021
34,1,0.9999990492166029
43,1,0.7679912840902243
52,1,0.008661657467967713
80,1,0.9998410549892519
83,1,0.9998381138001847
91,0,0.8999909870254108
6,1,0.08652162795313124
9,1,0.7729551546904199
22,1,0.9756273682666018
41,1,0.875646788215329
47,0,0.9378687938768471
50,1,0.9626578817687207
58,1,0.999340437694067
59,0,0.984819901197561
71,1,0.7039050763396767
95,1,0.913980861430054
2,1,0.995529008748938
4,1,0.9224783009097999
19,0,0.9999973307773329
30,1,0.9996080865244619
37,1,0.9999987288803994
44,1,0.9998632117947497
46,0,0.9998489241458711
82,1,0.9999679787202987
84,1,0.9999996978338304
90,1,0.015134010322155588
0,1,0.21007683178443542
3,1,0.8463096804847677
5,1,0.8256210005556043
39,1,0.875325445061595
60,1,0.999757842668803
64,1,0.25998920098150397
66,1,0.9997628840684938
79,1,0.999933057029694
85,0,0.715133747796373
88,0,0.9986362369565115
11,1,0.9999715265095306
13,1,0.9740493250593854
26,1,3.147220138060932e-05
31,1,0.999937775571376
45,1,0.9997923188198873
53,1,0.999990474989875
62,0,0.6412463358590171
73,1,0.9997773480788521
78,1,0.016453616603533745
98,0,0.06235131917456106
16,1,0.9959254358179409
21,1,0.9989066850275696
25,1,0.9811555647979859
28,1,0.8053522940677019
40,1,0.9996332100272435
48,0,0.910624816863813
56,1,0.9372715803246918
63,1,0.9777363478445106
67,0,0.8455327381026545
68,1,0.5955407125145629
10,1,0.9127210349254888
20,1,0.9999441283922316
29,1,0.9999817917195647
35,1,0.9999953327992405
36,1,0.9998860944323426
61,0,0.9917025844263653
65,1,0.09087073740731112
81,1,0.9771300499681599
96,1,0.993009680015285
99,0,0.9997810736651298
18,1,0.9999030583138699
27,1,0.9995085974290067
32,1,0.9989352188132941
55,1,0.9992987537955855
70,1,0.9992424909065337
72,0,0.9437158544704262
75,1,5.541635350390797e-10
76,1,0.9383410113820609
92,1,0.999732759709644
97,0,0.9997519659133369
7,1,0.999681718320953
12,1,0.9977372257326398
15,1,0.9999997933181347
23,1,0.9998688723647279
38,1,0.16290115098151745
49,0,0.9633064946399266
51,1,0.9999902984831602
77,1,0.9033453734264049
86,0,0.8890122664517711
94,1,0.996217713844884
17,1,0.9999321146444692
33,1,0.9999604174975375
42,1,0.9436415772940989
54,1,0.2262079265913781
57,1,0.055995738678936896
69,1,0.9933103092706125
74,1,0.9886649853433571
87,1,0.9989775661391607
89,0,0.012604313071411966
93,0,0.9762323326191241
