,y_true,y_pred
0,0,0.3454607633499997
11,0,0.0786781289481934
12,1,0.8608635460215264
23,1,0.6449513447027181
40,1,0.5903317562432143
50,1,0.9692321832718256
7,1,0.6631745025307811
17,1,0.97653234495991
20,0,0.7916268171273496
22,1,0.8214410320601505
36,0,0.09629821866786682
3,1,0.34114290538281694
5,0,0.07102536412262955
15,1,0.7720541018631825
32,1,0.8092572662318831
42,0,0.07395072853401856
2,1,0.8771747410563048
4,1,0.8742445076001724
39,1,0.9300573470474537
46,0,0.6670479462230869
49,0,0.6310922169811891
14,1,0.9711032941266361
18,0,0.05365871512894285
30,1,0.6685592474058845
31,1,0.7813431623548567
37,0,0.8076692277212623
8,1,0.9157039650486438
9,0,0.7334979486428447
26,1,0.9544526159521246
33,1,0.9200522797602425
47,0,0.8666828150111452
1,1,0.8115268560736546
25,0,0.1481382571457982
35,1,0.9880264432632383
43,1,0.8136424982575515
44,0,0.041390908875420705
6,1,0.969490660286306
21,1,0.9640643617512846
24,1,0.9306845257297914
27,0,0.09684241940307475
48,0,0.1648666319651988
16,1,0.2743207735487169
19,0,0.5319670089614932
29,0,0.14651727560112793
38,1,0.9811090383183769
45,1,0.7938288989757213
10,1,0.22061118342665037
13,1,0.9921547417975002
28,1,0.767869579415485
34,1,0.4032959892257561
41,0,0.1848786149818932
