,y_true,y_pred
0,0,0.3711558025895874
11,0,0.4943594749686501
12,1,0.6452733416875996
23,1,0.5
40,1,0.5765685236357364
50,1,0.6714947193940561
7,1,0.7595369344488803
17,1,0.8228286700690689
20,0,0.6641221525661336
22,1,0.7520672194200512
36,0,0.6130911978523443
3,1,0.6282620739677511
5,0,0.5993815199734555
15,1,0.6285453175601288
32,1,0.5778730005573806
42,0,0.5673602437317069
2,1,0.7664964156090622
4,1,0.823344652910888
39,1,0.7332004305885456
46,0,0.742359447571528
49,0,0.7427259720359084
14,1,0.751091621206486
18,0,0.28263151154117916
30,1,0.5112393941556345
31,1,0.69267214287705
37,0,0.7408906033570504
8,1,0.660289303607465
9,0,0.5345457215129481
26,1,0.6472993307392985
33,1,0.647984492066019
47,0,0.6469099528607067
1,1,0.6329627274754063
25,0,0.6469852635194615
35,1,0.646681034458386
43,1,0.6474887739799552
44,0,0.5863787221354169
6,1,0.46513277326192326
21,1,0.7533768736924071
24,1,0.693482616699748
27,0,0.6286748313212576
48,0,0.7039384127225791
16,1,0.6574985387518095
19,0,0.7652486596554223
29,0,0.5264763569555013
38,1,0.7948867781279838
45,1,0.666248924930817
10,1,0.6539683566077421
13,1,0.6670156856067688
28,1,0.6441211039797317
34,1,0.6696909939018997
41,0,0.6502653600550253
