,y_true,y_pred
0,0,0.2052310843862042
11,0,0.18100122901210025
12,1,0.6763643389326455
23,1,0.3592524706037366
40,1,0.7669816471913359
50,1,0.6229237419153453
7,1,0.8097731394298515
17,1,0.6797784467670157
20,0,0.8926920316913645
22,1,0.3179355822423139
36,0,0.621067245642193
3,1,0.7219532487850857
5,0,0.58619196973598
15,1,0.7788940970926086
32,1,0.4436266785070696
42,0,0.19601174163426632
2,1,0.8562047739082501
4,1,0.9999242985429972
39,1,0.8043040830010255
46,0,0.8579396396773534
49,0,0.7715431395498802
14,1,0.16939728672129964
18,0,0.5808120296239118
30,1,0.9094837463870745
31,1,0.588685318330241
37,0,0.9500813286243002
8,1,0.7930220232433474
9,0,0.5694426205944978
26,1,0.8035453560247882
33,1,0.6931382884479521
47,0,0.6256764734598336
1,1,0.9954826685400174
25,0,0.5514211340747299
35,1,0.93027743606771
43,1,0.3761366984369795
44,0,0.8249402957794673
6,1,0.5775437592580425
21,1,0.02135654873178719
24,1,0.7295776391029932
27,0,0.5758076341438667
48,0,0.5802760606401952
16,1,0.8359536665047511
19,0,0.11113818200967569
29,0,0.3124353682165001
38,1,0.9998671818983412
45,1,0.5335547082486478
10,1,0.781025217931069
13,1,0.8086894409135106
28,1,0.5319599442039586
34,1,0.7610861917464489
41,0,0.48144658116563643
