,y_true,y_pred
0,0,0.5441561129409401
11,0,0.41851786505978467
12,1,0.5521780072463399
23,1,0.9154082320992871
40,1,0.7608579322669488
50,1,0.9813244347225282
7,1,0.5379458783036074
17,1,0.5427876230863778
20,0,0.3948243531225517
22,1,0.24391940660432734
36,0,0.41847978905475547
3,1,0.8565762976040202
5,0,0.5828734169431526
15,1,0.7070427149054728
32,1,0.6824675916434183
42,0,0.39148642323052935
2,1,0.9645129755802219
4,1,0.971193327433015
39,1,0.9171093056570399
46,0,0.6021185655365053
49,0,0.5248942215133433
14,1,0.995816032353208
18,0,0.39100848746706635
30,1,0.7114512261699897
31,1,0.40669850311815275
37,0,0.7101029600236882
8,1,0.5646881125538937
9,0,0.7426172120898645
26,1,0.9838772931781521
33,1,0.690029782834976
47,0,0.9313599750225378
1,1,0.7879398314772361
25,0,0.8090950196584777
35,1,0.8039466745547418
43,1,0.18217930925251646
44,0,0.45085541319987626
6,1,0.6693472077697079
21,1,0.4798014846914605
24,1,0.5582828126627363
27,0,0.49383381860478026
48,0,0.44176108989102686
16,1,0.5570372316177605
19,0,0.9193626097096014
29,0,0.7611428065996733
38,1,0.7326878305984097
45,1,0.8940472908662588
10,1,0.9939644568406352
13,1,0.9945539626587521
28,1,0.4762707833011248
34,1,0.2012089694612929
41,0,0.4689332057643745
