,y_true,y_pred
1,1,0.7510257897762936
8,1,0.7650010324373226
14,0,0.7560967091480479
24,1,0.8421736709590194
34,1,0.7201480928527927
43,1,0.75498868034599
52,1,0.8615075518395642
80,1,0.7359511658126711
83,1,0.654781153509859
91,0,0.7549706254275989
6,1,0.8218756014176498
9,1,0.8284313082107236
22,1,0.7645524139281895
41,1,0.8756056665682492
47,0,0.8405321272304893
50,1,0.8926776704098263
58,1,0.8894631529742497
59,0,0.7284118050210853
71,1,0.8151162567900456
95,1,0.878803484383756
2,1,0.6034911195841226
4,1,0.6300834152638011
19,0,0.9475138316556367
30,1,0.8297019366015709
37,1,0.643159536213358
44,1,0.8845863182941296
46,0,0.6313451424234436
82,1,0.7969978207511417
84,1,0.830980811179059
90,1,0.6625136438704711
0,1,0.8823440547756001
3,1,0.8073204965942613
5,1,0.6820023459293014
39,1,0.8261566664202757
60,1,0.870694545226665
64,1,0.7931747578876666
66,1,0.8507408696864199
79,1,0.7693773270968782
85,0,0.8939554562303296
88,0,0.8072962248022406
11,1,0.8475937492378031
13,1,0.8304996700331544
26,1,0.7506162233840032
31,1,0.8507090520587042
45,1,0.859667623350397
53,1,0.8443825969339939
62,0,0.8576494748478437
73,1,0.7826341554902756
78,1,0.8318831720885522
98,0,0.8188491749820006
16,1,0.8068668258352977
21,1,0.8436197235893617
25,1,0.8495951957749601
28,1,0.8070558971647788
40,1,0.8555344840348499
48,0,0.8465709248191763
56,1,0.8452437703947423
63,1,0.6545300655003613
67,0,0.8310465679123136
68,1,0.876403754402458
10,1,0.8041165457458785
20,1,0.7786354717079021
29,1,0.8759578924276639
35,1,0.8787159510095538
36,1,0.7190795492156957
61,0,0.85484546694449
65,1,0.796793656642965
81,1,0.8289261059596384
96,1,0.8025145922958827
99,0,0.7690198014985516
18,1,0.797698023603314
27,1,0.7824060172167533
32,1,0.9805809735989154
55,1,0.9322468816296972
70,1,0.9194549515709974
72,0,0.7376697520703788
75,1,0.6312936840350191
76,1,0.7699733140498214
92,1,0.9399572317474317
97,0,0.8494412106487698
7,1,0.671429563796104
12,1,0.719604109987715
15,1,0.7421143151083538
23,1,0.9305196625824251
38,1,0.7387736808033395
49,0,0.7137741656312824
51,1,0.7416608078269282
77,1,0.9278480938072506
86,0,0.7367770075827754
94,1,0.8305524691518292
17,1,0.7909635697778497
33,1,0.8941605003235037
42,1,0.6991750478246667
54,1,0.8495005940477472
57,1,0.9999915603148352
69,1,0.9006822241334388
74,1,0.8586059824432888
87,1,0.7771083870027284
89,0,0.8028668994628096
93,0,0.7634060804855711
