,y_true,y_pred
0,0,0.23103002248243884
11,0,0.1990665045731223
12,1,0.41041353533315933
23,1,0.43763742433152775
40,1,0.6562894648811839
50,1,0.7854816677768581
7,1,0.7118774490170028
17,1,0.5395962617469835
20,0,0.636730693041231
22,1,0.6617449815145311
36,0,0.6273011787845775
3,1,0.5541481064986798
5,0,0.24898349804588127
15,1,0.9180339458344651
32,1,0.7003557190837965
42,0,0.04991815018204166
2,1,0.8273274192239308
4,1,0.6882437646065399
39,1,0.7473248808833063
46,0,0.7027528945083217
49,0,0.766214875205905
14,1,0.9046007628456484
18,0,0.32882578862759987
30,1,0.81634653835038
31,1,0.38009725961273394
37,0,0.7560628589900831
8,1,0.8122650016610392
9,0,0.3176669084689268
26,1,0.8664188823594753
33,1,0.7985701184734951
47,0,0.7739269407118947
1,1,0.8360258672401271
25,0,0.9050012335268286
35,1,0.9424786679614299
43,1,0.28848239047437774
44,0,0.37180158852750733
6,1,0.6482492312158998
21,1,0.5199264437416583
24,1,0.7338473243496557
27,0,0.5559421415643846
48,0,0.5093876619515769
16,1,0.3347342015201373
19,0,0.6480286420907515
29,0,0.47189426491179853
38,1,0.8729487606484992
45,1,0.7396318357215097
10,1,0.7338602264775261
13,1,0.8119383348298055
28,1,0.3831946143263821
34,1,0.4873143464131847
41,0,0.35239583782754147
