,y_true,y_pred
1,1,0.5641491064626462
8,1,0.9401395599176909
14,0,0.9526681504795241
24,1,0.985628058713815
34,1,0.8551681084172517
43,1,0.9019580441181103
52,1,0.35439739596852365
80,1,0.7780519278702431
83,1,0.9835859978244575
91,0,0.9456229074879258
6,1,0.949261348426889
9,1,0.6670281669543364
22,1,0.6894776074969451
41,1,0.4591013338714175
47,0,0.9459853421680999
50,1,0.794567772580192
58,1,0.9582007142588412
59,0,0.351655465398061
71,1,0.8457062354052005
95,1,0.6817327407476138
2,1,0.45053460676953655
4,1,0.9141746211762452
19,0,0.912484713374142
30,1,0.7038680534497136
37,1,0.9431173490169354
44,1,0.6684937282973267
46,0,0.5567909865195969
82,1,0.9250973697825297
84,1,0.926890019643515
90,1,0.025608511746220485
0,1,0.123284183146797
3,1,0.9739516263306529
5,1,0.9786921227370924
39,1,0.9369562484263843
60,1,0.9628864067241453
64,1,0.9679247534637484
66,1,0.9698509285076784
79,1,0.5338018821361964
85,0,0.38070132308985893
88,0,0.8315966981402614
11,1,0.6890027762797417
13,1,0.9694198523793153
26,1,0.5436944102378154
31,1,0.9645593416874914
45,1,0.6226345148673644
53,1,0.9772569764454622
62,0,0.6935194371506486
73,1,0.910807981554912
78,1,0.7810253649787996
98,0,0.42593256317563954
16,1,0.9764899093818551
21,1,0.8567885117032015
25,1,0.8039628996995047
28,1,0.7950219878437439
40,1,0.9721361728541641
48,0,0.8970123239204749
56,1,0.8343828124576208
63,1,0.1385714122176785
67,0,0.5085965203927292
68,1,0.9877325975581923
10,1,0.9589307587198407
20,1,0.9586173793367133
29,1,0.6845958684171691
35,1,0.8369574181250655
36,1,0.9934554805379862
61,0,0.9584232343449983
65,1,0.9798108250168653
81,1,0.7376088207686624
96,1,0.6475253836792351
99,0,0.9878203778700188
18,1,0.9894805105258461
27,1,0.8311999784640042
32,1,0.9650850793931294
55,1,0.9895889444810931
70,1,0.5176593066467472
72,0,0.9424811915774784
75,1,0.9699760562957153
76,1,0.0026138313824457878
92,1,0.9684768974293508
97,0,0.9899282373948362
7,1,0.9528875703173078
12,1,0.9126748072986663
15,1,0.9476281910846323
23,1,0.9847689744035408
38,1,0.9681074869102302
49,0,0.974038907995458
51,1,0.9183755067158963
77,1,0.6819864998882637
86,0,0.8724572233913975
94,1,0.9742786432099116
17,1,0.8802432149351082
33,1,0.9045209816530467
42,1,0.9488322669546576
54,1,0.9130899909863849
57,1,0.8406871799310441
69,1,0.6993249403048978
74,1,0.9414783619772957
87,1,0.8302594683296879
89,0,0.9198545154628891
93,0,0.9383723134279142
