,y_true,y_pred
11,1,0.6035737209943306
14,1,0.6065798999260185
25,1,0.6061229971383947
33,1,0.6051561189232874
35,1,0.6078440197530888
50,0,0.6101677366204581
51,0,0.6074404463849395
58,0,0.6082297487802907
81,0,0.6070190616333611
88,0,0.6051561189232874
13,1,0.5814860502977764
15,1,0.5897761432569211
20,1,0.6429587575903228
29,1,0.6461914660172012
45,1,0.5894103190194706
76,0,0.6446494775975998
84,0,0.6098696601439615
85,0,0.6453659006912906
90,0,0.5385610163394219
0,1,0.27917347889210603
10,1,0.7247828139723945
31,1,0.35250726262710913
40,1,0.7247828139723945
47,1,0.4662521085931381
54,0,0.6556520293965342
56,0,0.7117653753083555
70,0,0.6788934701969499
74,0,0.2603783103282507
4,1,0.6100494889780745
9,1,0.572403859093834
19,1,0.45772909763280084
21,1,0.6174649731761281
42,1,0.29232728128124735
64,0,0.29176988953701083
65,0,0.27237055273272404
82,0,0.6189360973234305
83,0,0.2734967549212216
22,1,0.5933968617448397
34,1,0.3777814362394489
38,1,0.5285915404099415
41,1,0.5
44,1,0.5961683738855582
57,0,0.5953017158247169
61,0,0.3609001189745913
80,0,0.5974781582140412
87,0,0.5657401762576628
6,1,0.6454143793971772
7,1,0.5748022609130335
27,1,0.6061295137677963
30,1,0.6109778539580004
48,1,0.17882537309845778
53,0,0.19189145745479416
67,0,0.6499239094438114
68,0,0.6205817009206398
75,0,0.627495703307949
2,1,0.5906102144827402
8,1,0.5901280012592371
23,1,0.589630502959422
24,1,0.5942568029399136
28,1,0.5931805931366964
52,0,0.013089274535037245
73,0,0.5906102144827402
86,0,0.5971529253513289
89,0,0.5935548770004202
1,1,0.5827996865311402
12,1,0.5883701253468138
32,1,0.5833009627155398
37,1,0.5847099450771948
49,1,0.5800577414747589
59,0,0.581201487362322
63,0,0.008541087768501363
71,0,0.5837864529882766
78,0,0.013848530088340232
16,1,0.618851552932738
26,1,0.6016560832997944
36,1,0.5924940115950378
39,1,0.6114667768034778
46,1,0.5424229240415205
62,0,0.517371412338621
66,0,0.4094790273172168
69,0,0.5581085359391613
79,0,0.39357964007323104
3,1,0.5967599442013249
5,1,0.5999486228263419
17,1,0.6019456224947948
18,1,0.5996270990116905
43,1,0.5972353803049415
55,0,0.5967599442013249
60,0,0.5957435385663024
72,0,0.5972353803049415
77,0,0.6002480502232661
