,y_true,y_pred
1,1,0.9888955157827515
8,1,0.7967891026429226
14,0,0.01157307635244832
24,1,0.9839709774208222
34,1,0.9245957706381411
43,1,0.5498179623274644
52,1,1.0
80,1,0.9999999920139181
83,1,0.9893502125770228
91,0,0.0022784339208789944
6,1,0.8784316122055091
9,1,0.901255250181717
22,1,0.2552637469045196
41,1,0.9987963090091256
47,0,0.45772849983606645
50,1,0.9940611178401287
58,1,0.9942732351295016
59,0,0.9363622019013417
71,1,0.9014129889949741
95,1,0.3680344716196025
2,1,0.8391279176488934
4,1,0.5838645653540395
19,0,0.926418273419179
30,1,0.8848145902875921
37,1,0.9976888174768627
44,1,0.915750856957001
46,0,0.7969504896544003
82,1,0.8564836670808861
84,1,0.9966371578385257
90,1,0.9032053653627387
0,1,0.9970405654646997
3,1,0.8435710503112995
5,1,0.030910441806830714
39,1,0.00037034500779751465
60,1,0.9999644004652162
64,1,0.9251720324827546
66,1,0.9975685534993486
79,1,0.9328731580303131
85,0,0.9385394109484794
88,0,0.010039898283549887
11,1,0.9999996385376667
13,1,0.2892874791795926
26,1,0.9691908125928347
31,1,0.9999915914283456
45,1,0.5055727630517198
53,1,0.9990902362601173
62,0,0.7551270058420445
73,1,0.9999998753691679
78,1,0.9502179948066339
98,0,0.5932782923488295
16,1,0.7818284127648629
21,1,0.5746895855888633
25,1,0.9714125154954868
28,1,0.960216492916162
40,1,0.9718468089306772
48,0,0.8368338017669456
56,1,0.8416073405602374
63,1,0.9999979125490591
67,0,0.6747409331652083
68,1,0.9768457943530134
10,1,0.9999215850613068
20,1,0.9918959197324005
29,1,0.999999986520133
35,1,0.9999999974675384
36,1,0.9968512609890862
61,0,0.8963943444101172
65,1,0.8036983787792062
81,1,0.9661304676565455
96,1,0.5966116007009838
99,0,0.9997590116029096
18,1,0.9848920424776195
27,1,0.8206050273922384
32,1,0.9996215808831532
55,1,0.9999999999240019
70,1,0.9997631966300747
72,0,0.7291616372134643
75,1,0.029224947828955922
76,1,0.9999999670024677
92,1,0.9998784216963754
97,0,0.9133130679866313
7,1,0.6272926338057544
12,1,0.983047130211896
15,1,0.6875049492964604
23,1,0.9999907397130584
38,1,0.8719992462503784
49,0,0.5633813369465184
51,1,0.9999949069762513
77,1,0.9912147425615978
86,0,0.9470325496914002
94,1,0.9996316519829601
17,1,0.9910372576416928
33,1,0.9429970160969777
42,1,0.290675037810663
54,1,0.805463079179208
57,1,0.9888750454087634
69,1,0.47199111658977244
74,1,0.8718981944500201
87,1,0.7624804999054905
89,0,0.820615971488127
93,0,0.43750231220222846
