,y_true,y_pred
0,0,0.5243119954305338
11,0,0.5255100774959355
12,1,0.5326196289906705
23,1,0.5326196289906705
40,1,0.5326196289906705
50,1,0.5326196289906705
7,1,0.5312987059296048
17,1,0.5158463021178489
20,0,0.5292987459466136
22,1,0.5191877052944872
36,0,0.5120938738767669
3,1,0.5113484249349831
5,0,0.5146249536523257
15,1,0.5112659466622714
32,1,0.5084067555977559
42,0,0.5105655644005571
2,1,0.5165750331449597
4,1,0.5313096534904671
39,1,0.514967996721648
46,0,0.5301267508671645
49,0,0.5110745932777797
14,1,0.5093528686603472
18,0,0.5079658916893448
30,1,0.5103582069392804
31,1,0.5314025356060748
37,0,0.5314025356060748
8,1,0.5072201147741753
9,0,0.5151571596739764
26,1,0.5082602179754228
33,1,0.5312077661129249
47,0,0.528092362736853
1,1,0.5318298872390533
25,0,0.5245470664611752
35,1,0.5102526331880858
43,1,0.5135693078062913
44,0,0.5104478115673688
6,1,0.516345133207817
21,1,0.5244887174194353
24,1,0.5183398292870087
27,0,0.5219675201856957
48,0,0.5116256587233556
16,1,0.5118701511530364
19,0,0.513570340347508
29,0,0.5111686838985556
38,1,0.5139187458393765
45,1,0.5316822467875976
10,1,0.5309869236007729
13,1,0.5079488340944179
28,1,0.507495727777231
34,1,0.48450338940390625
41,0,0.5084420295755224
