,y_true,y_pred
1,1,0.90793645104956
8,1,0.8472226295875899
14,0,0.1976979539404994
24,1,0.9213009127206062
34,1,0.8504038241599488
43,1,0.5
52,1,0.8406617805609266
80,1,0.8745926366546746
83,1,0.8953470132859357
91,0,0.1524718195446636
6,1,0.8216152285765788
9,1,0.8128654647544247
22,1,0.7306935624423839
41,1,0.8277398882041557
47,0,0.7490322947528929
50,1,0.8261390011522936
58,1,0.8229984356920744
59,0,0.8143282624745969
71,1,0.8214001119661821
95,1,0.7619324095981505
2,1,0.7628272432415201
4,1,0.6948988982920198
19,0,0.9446351416080085
30,1,0.9342509017571934
37,1,0.8875147114153055
44,1,0.9440735426816321
46,0,0.8591665219511249
82,1,0.8862830312111738
84,1,0.8927658682693569
90,1,0.9224432210998237
0,1,0.8811205429821336
3,1,0.8089365552106302
5,1,0.6728325954046017
39,1,0.5531270864763657
60,1,0.8756863320669886
64,1,0.8967198818604935
66,1,0.8883868068265267
79,1,0.9125987418616011
85,0,0.9098843133213738
88,0,0.5072040438619977
11,1,0.8310655285088162
13,1,0.6938777025290424
26,1,0.8239802244387473
31,1,0.8401908841518788
45,1,0.7991702874422022
53,1,0.8218025803689267
62,0,0.8286933990293703
73,1,0.8289216170159627
78,1,0.840130923439651
98,0,0.7699713433289068
16,1,0.8150569864080872
21,1,0.803907071938584
25,1,0.8427545272551968
28,1,0.8382947813903683
40,1,0.8361660920087522
48,0,0.7659653658607327
56,1,0.8435494052580789
63,1,0.8328758126660611
67,0,0.7339656158746724
68,1,0.8374631050428132
10,1,0.895984466511224
20,1,0.873733478186874
29,1,0.8727489982679915
35,1,0.8742963885241535
36,1,0.9081725471647286
61,0,0.7556459731622731
65,1,0.8173911743144228
81,1,0.7867061810571173
96,1,0.8287610149721217
99,0,0.8894103283325795
18,1,0.9207243953316279
27,1,0.7980130927521636
32,1,0.9294945284575119
55,1,0.8905428399431472
70,1,0.9271629429553694
72,0,0.6064388832625535
75,1,0.052306852129502084
76,1,0.8452777327675246
92,1,0.9014573718618353
97,0,0.796431540733503
7,1,0.7987491499009511
12,1,0.8004234999366122
15,1,0.8002140875217197
23,1,0.8013029326761876
38,1,0.799983612649651
49,0,0.7978100479653795
51,1,0.8012928748751785
77,1,0.8006339275448109
86,0,0.7999561484612002
94,1,0.8013587377260897
17,1,0.8520034594581771
33,1,0.8447436759890222
42,1,0.5168728124700839
54,1,0.849411203799133
57,1,0.8517845631628405
69,1,0.5478981731575768
74,1,0.8407272998395453
87,1,0.8411872220833643
89,0,0.8400239259499714
93,0,0.5593499407826343
