,y_true,y_pred
11,1,0.6505283110182666
14,1,0.7840089081744889
25,1,0.5306960692142352
33,1,0.6045437916812761
35,1,0.4691825077766478
50,0,0.41860576120075493
51,0,0.660990619104436
58,0,0.44054147175426966
81,0,0.7143863194175165
88,0,0.3705127242092461
13,1,0.6603489280439513
15,1,0.5666330235060446
20,1,0.5329014018300563
29,1,0.756079465374549
45,1,0.39151128587109296
76,0,0.5999251880902949
84,0,0.3664771031611931
85,0,0.35229901559923393
90,0,0.6246359595800006
0,1,0.6085744497441136
10,1,0.6000764676951561
31,1,0.5733567868421111
40,1,0.6612480356363296
47,1,0.5139092306833775
54,0,0.5578429504641024
56,0,0.5631301576280644
70,0,0.5624756097454954
74,0,0.493815112602606
4,1,0.5937677760785592
9,1,0.5762192549601675
19,1,0.564447748365194
21,1,0.6390768417379995
42,1,0.4836629691268389
64,0,0.5648049141019158
65,0,0.4571195919087577
82,0,0.562386055474861
83,0,0.48925692142564753
22,1,0.5962083718630318
34,1,0.2150840642531396
38,1,0.3499196511796545
41,1,0.3520988542143165
44,1,0.6617910105296227
57,0,0.2916829861617894
61,0,0.24513133963494255
80,0,0.6636255725038699
87,0,0.4110755945401542
6,1,0.5879557752475048
7,1,0.5
27,1,0.6114298129564929
30,1,0.5903315104266715
48,1,0.44544360936599486
53,0,0.4577189393607155
67,0,0.6340020592759806
68,0,0.455041666236964
75,0,0.4879352878858386
2,1,0.629935285324088
8,1,0.6224403099138852
23,1,0.5983502368445538
24,1,0.5975285572360918
28,1,0.5085640582839179
52,0,0.46987699420663714
73,0,0.6093093601812907
86,0,0.5070394742256423
89,0,0.5787393122929095
1,1,0.5192419319615379
12,1,0.5250372478160585
32,1,0.579200430536733
37,1,0.6781462869580968
49,1,0.6835951333475292
59,0,0.46250430365890705
63,0,0.5686062461138959
71,0,0.7148114257703395
78,0,0.5760288258364795
16,1,0.6609227583431558
26,1,0.7626316486605783
36,1,0.3956857670760667
39,1,0.7263896885508069
46,1,0.3953562162189685
62,0,0.38139058966960454
66,0,0.6327754741462918
69,0,0.824574014623534
79,0,0.5720450807654345
3,1,0.5940518235116489
5,1,0.5237401048734235
17,1,0.5121339331721274
18,1,0.5949140337065105
43,1,0.5802732410881981
55,0,0.5325299004223454
60,0,0.5
72,0,0.479713993731515
77,0,0.4817459057359773
