,y_true,y_pred
0,0,0.0472507346002461
11,0,0.05824790821485826
12,1,0.5702520518330372
23,1,0.8649876186363561
40,1,0.7290339914847822
50,1,0.9460935223378358
7,1,0.8829091388816604
17,1,0.9845900184813351
20,0,0.8578906703367828
22,1,0.8118793099974639
36,0,0.5869155645077203
3,1,0.7843445308739817
5,0,0.13301214384052493
15,1,0.8339956782684511
32,1,0.4902354509498986
42,0,0.02954430969782192
2,1,0.8876867974452335
4,1,0.8811882850520514
39,1,0.8933993069046513
46,0,0.6911847119419214
49,0,0.4298360449520565
14,1,0.9311453016046549
18,0,0.1868403386331048
30,1,0.588512194969581
31,1,0.5783653503527247
37,0,0.8116615669704339
8,1,0.7309385344088779
9,0,0.33924674045342856
26,1,0.935225306953543
33,1,0.8594609374390106
47,0,0.7942516442468633
1,1,0.8885413385019774
25,0,0.6077599478361227
35,1,0.9500317077149135
43,1,0.6113125200975688
44,0,0.14375918831306841
6,1,0.9736978769965137
21,1,0.8644202599425868
24,1,0.9137882339403063
27,0,0.31606667565194313
48,0,0.21133917946518452
16,1,0.6411631734040918
19,0,0.7523294448936498
29,0,0.2428843308441868
38,1,0.9638760871237286
45,1,0.8644164943171184
10,1,0.6816025639490123
13,1,0.9060026633732603
28,1,0.5268519420947443
34,1,0.48110581358456533
41,0,0.09209441888800896
