,y_true,y_pred
11,1,0.43969139977380056
14,1,0.582384468194197
25,1,0.5377605527158275
33,1,0.4733263020309538
35,1,0.4573466738815866
50,0,0.6451867667730065
51,0,0.4251233933884156
58,0,0.6199309945999205
81,0,0.6727756396825982
88,0,0.5206865187530343
13,1,0.547744501363547
15,1,0.4769171555812588
20,1,0.5
29,1,0.6649729563132297
45,1,0.41951147884984014
76,0,0.42022430224705326
84,0,0.6668493438125709
85,0,0.6782615502240655
90,0,0.4688778615132491
0,1,0.40256674668470865
10,1,0.6173436366407818
31,1,0.6924018117033818
40,1,0.7897000596580893
47,1,0.5718624543887997
54,0,0.8377526856365739
56,0,0.5517168105751289
70,0,0.5153695815049054
74,0,0.4189945133265023
4,1,0.6886299581636057
9,1,0.6090367452623561
19,1,0.547813347360404
21,1,0.660463193670216
42,1,0.38893534753720116
64,0,0.2319604120756495
65,0,0.3694221433618911
82,0,0.7129915761023478
83,0,0.1805857706993399
22,1,0.7828500511949192
34,1,0.13383164307753836
38,1,0.0978089771161256
41,1,0.2580347336941714
44,1,0.7532578469239767
57,0,0.7000325919569831
61,0,0.2095972375793761
80,0,0.7817470945229434
87,0,0.6901117861724613
6,1,0.7090145572201608
7,1,0.6745106893058305
27,1,0.6699105897067626
30,1,0.5636887891327252
48,1,0.6344731101119291
53,0,0.5248485360634532
67,0,0.49431272717877595
68,0,0.5331895850937078
75,0,0.614260127038773
2,1,0.6727871787595954
8,1,0.5806015783847446
23,1,0.5070904526459978
24,1,0.5356922546217588
28,1,0.35674493890787157
52,0,0.6865827403347269
73,0,0.4828441530287802
86,0,0.42276211492284027
89,0,0.5653884713238068
1,1,0.5663310002612083
12,1,0.5399420475634535
32,1,0.5423719933189831
37,1,0.5691064041778557
49,1,0.5570147522935063
59,0,0.5175829090357638
63,0,0.5719088770040314
71,0,0.5337448903118411
78,0,0.5354910479676247
16,1,0.4348736115761581
26,1,0.6469161757535385
36,1,0.7278333508665841
39,1,0.7400992416179267
46,1,0.6122691502304438
62,0,0.5061021665945515
66,0,0.4066926258105573
69,0,0.3758723002541624
79,0,0.37488828990654405
3,1,0.5862407301166961
5,1,0.5666701963854452
17,1,0.5395292085809517
18,1,0.5
43,1,0.5683837137385069
55,0,0.5356622935080225
60,0,0.5574616844179348
72,0,0.5278028334584911
77,0,0.5664756788367771
