,y_true,y_pred
0,0,0.4836618663463701
11,0,0.43765301882714464
12,1,0.5162954940374843
23,1,0.6298337764144325
40,1,0.4561439109666329
50,1,0.890153237665783
7,1,0.680831864434225
17,1,0.49437138987848905
20,0,0.7649693863448234
22,1,0.658854578050141
36,0,0.41307358258642524
3,1,0.7244562663183054
5,0,0.6282865753876319
15,1,0.6609149655828892
32,1,0.5474087319687948
42,0,0.6132168883123621
2,1,0.5852188380623823
4,1,0.5983952110005605
39,1,0.6759695488000876
46,0,0.5823807266828407
49,0,0.6297819591299025
14,1,0.929142198474599
18,0,0.49867871963736676
30,1,0.611903436938178
31,1,0.535263938712836
37,0,0.5894401659114821
8,1,0.48681196013409656
9,0,0.5746371464790699
26,1,0.6499101858098983
33,1,0.7404093664164624
47,0,0.6561948912588885
1,1,0.8899476829074963
25,0,0.4667414178450037
35,1,0.7395697879148116
43,1,0.4789534529688232
44,0,0.46606294454014957
6,1,0.6727535722396107
21,1,0.2671374901969862
24,1,0.5740288688364026
27,0,0.5349639963232042
48,0,0.5428600386064796
16,1,0.6501830456077553
19,0,0.8790870794694569
29,0,0.5941201736907248
38,1,0.7883477923234279
45,1,0.8196559547827524
10,1,0.9604606546938271
13,1,0.9961904205702886
28,1,0.5735899138984359
34,1,0.4561495680076941
41,0,0.6277738777750109
