,y_true,y_pred
0,0,0.41045277895098875
11,0,0.41045277895098875
12,1,0.5491735069830695
23,1,0.9937868881967404
40,1,0.8932320981006819
50,1,0.8202405646721821
7,1,0.49289840590424844
17,1,0.5614073428055376
20,0,0.998940876193527
22,1,0.9999684485290976
36,0,0.40861912057630273
3,1,0.9497754907545845
5,0,0.4335843497994792
15,1,0.6146986684829118
32,1,0.9397269925010132
42,0,0.8392202314491208
2,1,0.9899773321282682
4,1,0.9999960419489587
39,1,0.8940897525302929
46,0,0.3848724380259471
49,0,0.7570349555645911
14,1,0.9999999861877504
18,0,0.39438859604600796
30,1,0.6203708687861912
31,1,0.3916054294605734
37,0,0.866014333627877
8,1,0.3975716420486321
9,0,0.9899489224399379
26,1,0.9999999999999809
33,1,0.8544319674146711
47,0,0.9999999778237043
1,1,0.9999983727277378
25,0,0.39600505644767103
35,1,0.7004299087614598
43,1,0.6987644458408991
44,0,0.39600505644767103
6,1,0.9378858447844853
21,1,0.9813897716192429
24,1,0.5540785031366521
27,0,0.4455371511957094
48,0,0.5391508353237098
16,1,0.6307461066635313
19,0,0.7939364290590969
29,0,0.39169798139085105
38,1,0.999999660495489
45,1,0.9996769740748356
10,1,0.9999998993094982
13,1,0.999999999626205
28,1,0.9503983174744189
34,1,0.7937026386748114
41,0,0.514860536696834
