,y_true,y_pred
11,1,0.046943043103878944
14,1,0.9999999528063779
25,1,0.9999990428200354
33,1,0.998765932548954
35,1,0.9938935543805988
50,0,0.7629448553467383
51,0,0.9966932698629654
58,0,0.9997692578409982
81,0,0.07934698969137974
88,0,0.49363043685189545
13,1,0.6237743945609202
15,1,0.006670259135536997
20,1,0.4292231831700629
29,1,0.9999923645565088
45,1,0.26614784329685903
76,0,0.9715420660835794
84,0,0.7251505183400898
85,0,0.9665265900498222
90,0,0.6046940223348805
0,1,0.017902588687877415
10,1,0.9826527184214143
31,1,0.23060194454206862
40,1,0.9794958257041213
47,1,0.9927608011604416
54,0,0.9996901658967143
56,0,0.9866979144500914
70,0,0.9067972791012674
74,0,8.875275018927411e-05
4,1,0.9800499012632123
9,1,0.9999961581902992
19,1,0.9999937049792514
21,1,0.48177454935386144
42,1,0.6095018636729969
64,0,0.9903616344236151
65,0,0.9978834407062466
82,0,0.9969458646892099
83,0,0.0001659128351569545
22,1,0.9994578820439227
34,1,1.0717945354274654e-11
38,1,0.10282452358835718
41,1,4.194809020256064e-14
44,1,0.9992673501925637
57,0,0.0006477515857296046
61,0,0.0005474550441626355
80,0,3.4183370541769845e-06
87,0,0.9895427558698047
6,1,0.9999969978119047
7,1,0.9999501325095838
27,1,0.9999998005966899
30,1,0.999997436141602
48,1,0.0014636225416734192
53,0,4.496332749448777e-05
67,0,0.008738892326859251
68,0,0.052152984990496594
75,0,0.8837088152080002
2,1,0.9999999986218406
8,1,0.923281062645809
23,1,0.6760063298517998
24,1,0.39243609856881073
28,1,0.025579511284591086
52,0,3.9447220803611203e-10
73,0,0.4865736828684423
86,0,0.013999956488382525
89,0,0.9734115757211107
1,1,2.6597778170006148e-06
12,1,0.9981713307229809
32,1,0.9999999992596542
37,1,0.999957955474556
49,1,0.9791255518577879
59,0,0.9969296274355675
63,0,1.8508746050528396e-05
71,0,2.8128314845622483e-05
78,0,1.696136354043187e-09
16,1,0.9807578600691363
26,1,0.9999981080254277
36,1,0.999999732295368
39,1,0.5355678791969395
46,1,0.0005050758742146902
62,0,0.05507197739714075
66,0,0.005655127721529767
69,0,0.05413732593540496
79,0,0.6047410979844228
3,1,0.004623020041401213
5,1,0.9999539529103204
17,1,0.6533734398412584
18,1,0.9999957418429892
43,1,0.7271500741846367
55,0,0.1442201310612145
60,0,0.15272293283969887
72,0,0.23335658577540533
77,0,0.5121639791543566
