,y_true,y_pred
11,1,0.6180583621127679
14,1,0.6185532395587146
25,1,0.4416093396774846
33,1,0.5832264796043942
35,1,0.5834899815877825
50,0,0.6191729450157049
51,0,0.4416880581068592
58,0,0.6188320267116879
81,0,0.5834105573263955
88,0,0.44155635131362175
13,1,0.6549264877307062
15,1,0.3507839533861173
20,1,0.5141628902562259
29,1,0.6477274259797206
45,1,0.5
76,0,0.6580157006907479
84,0,0.6577662665700803
85,0,0.6583442558129176
90,0,0.6470391478829552
0,1,0.4496445390580954
10,1,0.6535228998486079
31,1,0.4946650228781333
40,1,0.6537786770859619
47,1,0.5444850589882504
54,0,0.5734513754650976
56,0,0.6392561922014639
70,0,0.6313542982603103
74,0,0.41577110588449406
4,1,0.5356598707030537
9,1,0.5358096047392019
19,1,0.5993897734360412
21,1,0.5359258965212242
42,1,0.5357633976348379
64,0,0.5359088462956252
65,0,0.4229327167948206
82,0,0.599852591440149
83,0,0.5996768718453024
22,1,0.49345105222277513
34,1,0.5149856811590505
38,1,0.511215205455989
41,1,0.5063723247580189
44,1,0.5085956534001439
57,0,0.5
61,0,0.5111552266095062
80,0,0.4924197536544959
87,0,0.5075954121590655
6,1,0.6866172677264621
7,1,0.6753040848589575
27,1,0.6777086452448803
30,1,0.6760131904811748
48,1,0.414895512881874
53,0,0.09828080412241723
67,0,0.5520485566031634
68,0,0.4144957191019749
75,0,0.4144957191019749
2,1,0.5901395179919184
8,1,0.5900894677936164
23,1,0.5900377396533629
24,1,0.5905140912815964
28,1,0.4472024508367027
52,0,0.43734085481379087
73,0,0.5901395179919184
86,0,0.5907993389379349
89,0,0.5904426952884135
1,1,0.5581014637743461
12,1,0.6239071922658633
32,1,0.3751428042621454
37,1,0.6233824140808302
49,1,0.6226743754757995
59,0,0.6228508833343498
63,0,0.35819585053552705
71,0,0.6232442816803309
78,0,0.3545470067746605
16,1,0.49236036865191773
26,1,0.4923860321880862
36,1,0.4923665208974254
39,1,0.4923999154165748
46,1,0.49236036865191773
62,0,0.4923543926617912
66,0,0.5
69,0,0.4924094045567048
79,0,0.5125230342378638
3,1,0.5088590495057951
5,1,0.5269876130038308
17,1,0.5269677923986096
18,1,0.5
43,1,0.5088534219467358
55,0,0.5270045068168683
60,0,0.5270088670142228
72,0,0.5270023468400387
77,0,0.5088181439788027
