,y_true,y_pred
1,1,0.970934069365622
8,1,0.9998801966941973
14,0,0.9999999971072713
24,1,0.9993015753123199
34,1,0.9674993617175257
43,1,0.9995458673701352
52,1,0.9979362339402895
80,1,0.9999862340206004
83,1,0.001377541130689593
91,0,0.9988700874405558
6,1,0.07752561690463364
9,1,0.9994893903457386
22,1,0.9015708284755809
41,1,0.966291839812468
47,0,0.9992962054791571
50,1,0.996569634023911
58,1,0.9999888137288407
59,0,0.9980915798321792
71,1,0.9999107005483104
95,1,0.9726606093243156
2,1,0.9970466764915611
4,1,0.724964328703221
19,0,0.9674719587161511
30,1,0.996055197754367
37,1,0.9995106821220219
44,1,0.9836133627997674
46,0,0.9969082565245735
82,1,0.994088763939545
84,1,0.9999845658188673
90,1,0.6513134325638833
0,1,0.994741026761578
3,1,0.18723405698063159
5,1,0.7646288076218217
39,1,0.9995849166494776
60,1,0.9999704149273315
64,1,0.9450122215363862
66,1,0.9999546715152078
79,1,0.987888823567148
85,0,0.8380129873046946
88,0,0.9999399371876567
11,1,0.9999959239357218
13,1,0.9798245383745234
26,1,0.15522808041995817
31,1,0.9999995916275908
45,1,0.9996949738482392
53,1,0.9941965746151127
62,0,0.9999931173463354
73,1,0.9999162417800391
78,1,0.012369688044899258
98,0,0.0014363872187553128
16,1,0.6959106157926193
21,1,0.9955364027906188
25,1,0.9993632184690993
28,1,0.9963619790677694
40,1,0.9999998298262095
48,0,0.2831876817878688
56,1,0.9999960309030893
63,1,0.977199532167937
67,0,0.9784764282764893
68,1,0.8943418831782635
10,1,0.9915758887430255
20,1,0.0008091369287839632
29,1,0.9989084856093363
35,1,0.9816229067052394
36,1,0.9887451944068066
61,0,0.999693503625896
65,1,0.2582003743715282
81,1,0.8457074486379488
96,1,0.3325977029731763
99,0,0.9508198506267018
18,1,0.1164872154314253
27,1,0.9970452023182851
32,1,0.999995893293614
55,1,0.9999999792032606
70,1,0.999890441274346
72,0,0.005151979821806493
75,1,0.9991396566745472
76,1,0.9999059809780212
92,1,0.9999949410466017
97,0,0.9941267540879911
7,1,0.9634202165651098
12,1,0.9999990777471638
15,1,0.9997945533322216
23,1,0.9997388345831002
38,1,0.22950986727370193
49,0,0.8130641684496729
51,1,0.9999820874004138
77,1,0.9851160418865913
86,0,0.9823830669230018
94,1,0.9982301414351095
17,1,0.99999995012734
33,1,0.0005701526396615761
42,1,0.9995721366408291
54,1,0.8158441072624383
57,1,0.459009149822716
69,1,0.25064848187120536
74,1,0.9948199208976303
87,1,0.9789276366275392
89,0,0.991056392615125
93,0,0.378376726761958
