,y_true,y_pred
11,1,0.8616327091601288
14,1,0.9159629497766217
25,1,0.4842660585906194
33,1,0.16549360204857838
35,1,0.7422757572285998
50,0,0.9838088148565537
51,0,0.5213785735629696
58,0,0.4472758217915935
81,0,0.9019419774532694
88,0,0.9866680230078276
13,1,0.8650544955650277
15,1,0.23117813294596903
20,1,0.7061448694374711
29,1,0.9996820811643042
45,1,0.12790988834587325
76,0,0.9423888746843682
84,0,0.9347614193327322
85,0,0.9307199707685152
90,0,0.9713404019654203
0,1,0.644834043550646
10,1,0.9960065325838386
31,1,0.4451277464737764
40,1,0.9930743244358287
47,1,0.9864160387223304
54,0,0.9999475468627512
56,0,0.5292869693871717
70,0,0.607646673560294
74,0,1.4172163392052147e-07
4,1,0.5107656597472777
9,1,0.14154190201344471
19,1,0.10323055493419173
21,1,0.9836425890304115
42,1,0.9171388720693184
64,0,0.5448568828426187
65,0,0.9971071484486271
82,0,0.85790355780781
83,0,0.6126510572215995
22,1,0.9774805160669626
34,1,3.6607460446256075e-10
38,1,0.9570560846781478
41,1,4.1243511090569824e-07
44,1,0.002206581554566165
57,0,0.9999275561765951
61,0,0.9865889184925655
80,0,1.3389553912587428e-07
87,0,0.0065467850735954625
6,1,0.1537037708922729
7,1,0.05345837808167691
27,1,0.23309248239277672
30,1,0.9954906600983557
48,1,0.023935986863042165
53,0,0.000517064700439645
67,0,0.9999930252984007
68,0,0.6763937613479101
75,0,0.9919562431264566
2,1,0.9801477224804521
8,1,0.14489171926001537
23,1,0.15865317466706824
24,1,0.9914936589515406
28,1,0.6732767176024872
52,0,0.0033571330403165357
73,0,0.998073490838953
86,0,6.639923421329005e-06
89,0,0.9238497145549026
1,1,0.000897524609081624
12,1,0.5157266096501285
32,1,0.9237335110862229
37,1,0.7379793951204411
49,1,0.9962507479831313
59,0,0.7687743349777544
63,0,3.4526339611037723e-12
71,0,0.948521528593081
78,0,2.9626550405412337e-06
16,1,0.999999119761451
26,1,0.9998448857515888
36,1,0.9383165838398384
39,1,0.98375411112402
46,1,0.7241790741762175
62,0,0.0553545838024544
66,0,0.9999978064403456
69,0,0.9999993721537123
79,0,8.25069503770434e-07
3,1,0.40340702605453366
5,1,0.9429348014453773
17,1,0.8982731023992659
18,1,0.9942953171681131
43,1,0.9082194406404308
55,0,0.0035619752053398916
60,0,0.014971475497268327
72,0,0.0017199673792134406
77,0,0.668929815328126
