,y_true,y_pred
0,0,0.14701860931090574
11,0,0.01486202371094938
12,1,0.7690863660501525
23,1,0.9503918111769262
40,1,0.8544362038505414
50,1,0.9926147317696511
7,1,0.8645826864834804
17,1,0.9631490983812062
20,0,0.9894604526537274
22,1,0.2990389500089445
36,0,0.2547405942064017
3,1,0.723796257348087
5,0,0.24571023904865355
15,1,0.8454281964883388
32,1,0.7672682051706731
42,0,0.021829268059704518
2,1,0.9417206849064255
4,1,0.9260849009622703
39,1,0.9818379937289439
46,0,0.39927772787190824
49,0,0.08895177027175456
14,1,0.9983198329095307
18,0,0.026238197651378647
30,1,0.7142940047113518
31,1,0.39081615645508677
37,0,0.9357051712357592
8,1,0.9583470442180582
9,0,0.34086972615631317
26,1,0.8169860901116295
33,1,0.9323780879760553
47,0,0.23279129898887113
1,1,0.9976011350620589
25,0,0.5795566884372644
35,1,0.9907492976392515
43,1,0.3850722022405459
44,0,0.039404680038567674
6,1,0.9904335891915352
21,1,0.9929480301124549
24,1,0.9746037215246997
27,0,0.1807238114697936
48,0,0.3820112681731574
16,1,0.5329556249933719
19,0,0.15259278940680682
29,0,0.1369473084757914
38,1,0.9996934916262602
45,1,0.9999992739152418
10,1,0.9372639237002256
13,1,0.9765984606033248
28,1,0.602702255614282
34,1,0.4663651970715268
41,0,0.34539830265462723
