,y_true,y_pred
0,0,4.8797552028353635e-08
11,0,1.5052534893534796e-07
12,1,0.9983078493693511
23,1,0.9999786531387439
40,1,0.999773332167011
50,1,1.0
7,1,7.181078055867198e-05
17,1,0.8830265033524539
20,0,0.39106111479214656
22,1,0.014045427593730179
36,0,0.16092276838324693
3,1,0.9991759704859838
5,0,0.03440532279076057
15,1,0.9565392854476277
32,1,0.9983554777933908
42,0,0.9859643102437106
2,1,1.0
4,1,0.9999999999998164
39,1,0.839736287490252
46,0,0.3180961576064447
49,0,0.25315599093533325
14,1,1.0
18,0,3.6314120820796855e-06
30,1,0.9985360244748915
31,1,0.992671874199701
37,0,0.9985813996599358
8,1,0.9890533203978991
9,0,0.9999998526326115
26,1,0.9999999999826228
33,1,0.9998239533557844
47,0,0.9999998785300289
1,1,0.9999931924657984
25,0,0.014203655816308053
35,1,0.9995323795726648
43,1,0.04710816238525071
44,0,0.0040976158352285155
6,1,0.5879893701785062
21,1,0.029162776340190506
24,1,0.9991104562828914
27,0,0.978296639767379
48,0,0.8180816802558466
16,1,0.9728906652291494
19,0,6.6981987384301846e-09
29,0,8.475984352948916e-07
38,1,1.0
45,1,1.0
10,1,1.0
13,1,1.0
28,1,0.036616009378126806
34,1,0.08578149594826161
41,0,0.0002923735637511799
