,y_true,y_pred
1,1,0.7151138647041562
8,1,0.8296523889605547
14,0,0.7054236759096199
24,1,0.7262991696271147
34,1,0.8262134696447768
43,1,0.7916856480759537
52,1,0.6627482052926047
80,1,0.8500113192371881
83,1,0.7096022207338641
91,0,0.7649490516969356
6,1,0.7859871790161432
9,1,0.7836750898539813
22,1,0.8127743009862273
41,1,0.9268552303522226
47,0,0.7400974241366076
50,1,0.8107430324186353
58,1,0.7845487097752282
59,0,0.89042543677361
71,1,0.7378165089614448
95,1,0.9637007707958093
2,1,0.6759361608953707
4,1,0.6755512709476285
19,0,0.9486105538697069
30,1,0.8776944798035828
37,1,0.7209615579262149
44,1,0.8848852028182511
46,0,0.7032977048824425
82,1,0.7749796350988613
84,1,0.8005536020665067
90,1,0.7257469009173484
0,1,0.7527590163036858
3,1,0.8166371925669534
5,1,0.8657223642646918
39,1,0.8037299502353986
60,1,0.8453731280703439
64,1,0.7943828566065367
66,1,0.831921675160556
79,1,0.7285430317691428
85,0,0.7259489449564871
88,0,0.8184398262604586
11,1,0.8217864367685805
13,1,0.7659795866727614
26,1,0.8016402101459282
31,1,0.7928571176018866
45,1,0.8222978706569755
53,1,0.778310474073679
62,0,0.8096945164207503
73,1,0.7883170203073616
78,1,0.7693891945756576
98,0,0.8061443924211509
16,1,0.9713705555861937
21,1,0.9765908466263324
25,1,0.7839746985554594
28,1,0.9886658008099481
40,1,0.698806127809141
48,0,0.9654427809985071
56,1,0.9410486109607502
63,1,0.9588948224110128
67,0,0.969375530365031
68,1,0.8487711739773187
10,1,0.8050114558388577
20,1,0.5244892739286374
29,1,0.8379684939858366
35,1,0.9351625163153003
36,1,0.6448400491091553
61,0,0.7743016593411118
65,1,0.5086739612874152
81,1,0.9559809278960328
96,1,0.6569240404908552
99,0,0.8888708343594796
18,1,0.7336145220515403
27,1,0.7663507933917592
32,1,0.9832700609876684
55,1,0.9438080229773609
70,1,0.8952769065362031
72,0,0.6858129041410652
75,1,0.6656757043916601
76,1,0.736899945374331
92,1,0.9315813895642283
97,0,0.7663507933917592
7,1,0.6441185355235637
12,1,0.8224522114854796
15,1,0.9016281004193717
23,1,0.7994133308071983
38,1,0.8227630253684567
49,0,0.7198918055933533
51,1,0.7585286143688847
77,1,0.8097604118253839
86,0,0.7988723478220632
94,1,0.7568300359201099
17,1,0.8433639795843779
33,1,0.7299693787042377
42,1,0.8075551735229801
54,1,0.8074706026038688
57,1,0.8435287007817727
69,1,0.7667776956901006
74,1,0.8651648130600471
87,1,0.7148565401202702
89,0,0.8163325953467652
93,0,0.8012396345756481
