,y_true,y_pred
11,1,0.5463010881346713
14,1,0.06387690862097038
25,1,0.8443509847125732
33,1,0.7185200795372506
35,1,0.23238459360555533
50,0,0.9775379938311889
51,0,8.044390282157172e-05
58,0,0.9668888002426519
81,0,0.4210918993717911
88,0,0.035447092110641766
13,1,0.9999921852654171
15,1,0.024367384126065404
20,1,0.999975803894662
29,1,0.5626428809046728
45,1,0.04039178643056802
76,0,0.003669049955000499
84,0,0.4152192768894339
85,0,0.14043407229540017
90,0,0.6164905706384417
0,1,0.9707502391689468
10,1,0.930090224315337
31,1,0.6896907384312229
40,1,0.9999999949135623
47,1,0.22551773656033278
54,0,0.9921608014794806
56,0,0.9999933774042266
70,0,0.938796428915511
74,0,0.7573675063057728
4,1,0.7881778379376994
9,1,0.6470360671257583
19,1,0.38936812901930457
21,1,0.9502352819260985
42,1,0.9574409649164244
64,0,0.0011097414549131664
65,0,0.0019732784997923795
82,0,0.9918114694985177
83,0,2.2861168966965476e-07
22,1,0.18967965445946933
34,1,1.5670054083980677e-12
38,1,0.11856095011883955
41,1,4.2042483789754587e-13
44,1,0.07465211716081822
57,0,0.005026572090697036
61,0,0.995123682205365
80,0,0.09077686503859127
87,0,0.8251759968770055
6,1,0.9955423126614429
7,1,0.028838517827419828
27,1,0.9939611749222103
30,1,0.007136665521166211
48,1,0.4281797501769223
53,0,0.6868480278729445
67,0,0.043635231967643656
68,0,0.9500753490470635
75,0,0.9997979516254205
2,1,0.7752073796406311
8,1,0.9673767347265451
23,1,0.9970680887086874
24,1,0.9999971420426597
28,1,0.7774387878807697
52,0,0.9997714174652209
73,0,0.9999953382370026
86,0,0.0343357972272425
89,0,0.9886033493724027
1,1,0.9999990687145457
12,1,0.9787985570162261
32,1,0.6875390979386863
37,1,0.9998756529969862
49,1,0.9986087230090739
59,0,0.7786024093281497
63,0,1.0
71,0,5.473006325376011e-06
78,0,4.0242398304399434e-13
16,1,0.9658311301490811
26,1,0.0025717629140838212
36,1,0.8747331259171761
39,1,0.9999172722014463
46,1,0.31000558558696667
62,0,0.24896533087661812
66,0,0.9999798249593727
69,0,0.9316339979536652
79,0,5.055512769481789e-07
3,1,5.637231776394495e-09
5,1,0.9999999999498193
17,1,0.8647305930508907
18,1,0.08189448206600665
43,1,0.2511256161096306
55,0,0.0047597743898648535
60,0,0.03649538960838201
72,0,0.05475786031191768
77,0,0.6156383462161015
