,y_true,y_pred
0,0,0.0421115025504735
11,0,0.017382697490837342
12,1,0.2161969595615802
23,1,0.08897484811337542
40,1,0.3614092640887849
50,1,0.9999999060597115
7,1,0.29142042256395656
17,1,0.7180253220402721
20,0,0.9999999128919312
22,1,0.9884348018947203
36,0,0.39667841240076906
3,1,0.020105993318986968
5,0,0.028685092974224544
15,1,0.9585849569945423
32,1,0.9885405844075841
42,0,0.0002381548613569453
2,1,0.9999341346708297
4,1,0.2536449215624859
39,1,0.9999921967218836
46,0,0.4287991567837866
49,0,0.41082368860337043
14,1,0.99999938852946
18,0,0.006100832168245502
30,1,0.9704243624694902
31,1,0.849083123723282
37,0,0.999997050016611
8,1,0.9829675992265521
9,0,0.05502392157926463
26,1,0.999999999492923
33,1,0.9104466401732745
47,0,0.9993593676836576
1,1,0.9868264903716806
25,0,0.9965282812105444
35,1,0.9999986958316198
43,1,0.002284815810023771
44,0,0.1252532679079588
6,1,0.5365072384690766
21,1,0.08367181879068734
24,1,0.9867859953252888
27,0,0.9084185499296505
48,0,0.06256373562413677
16,1,0.07219144261579609
19,0,0.9275070924921487
29,0,0.001069789937854825
38,1,0.9999999455115546
45,1,0.999999999999782
10,1,0.999995777590744
13,1,0.9999999575234793
28,1,0.006148826661641753
34,1,0.5493325410771752
41,0,0.0009476917504433199
