,y_true,y_pred
1,1,0.9982408337723025
8,1,0.9058218011735542
14,0,4.7612946124789065e-06
24,1,0.9906713739498146
34,1,0.9540267433486961
43,1,0.26045284547976477
52,1,0.8949675990411682
80,1,0.9992797624589544
83,1,0.9992858502573435
91,0,0.000319181630082255
6,1,0.9938670243789096
9,1,0.8834966358466491
22,1,0.8956256288936768
41,1,0.9940869743811233
47,0,0.08624064920852602
50,1,0.9997378636850401
58,1,0.9997987615281879
59,0,0.24558077793892605
71,1,0.9867947423931485
95,1,0.9422775143285526
2,1,0.5565568321507887
4,1,0.3703501803236451
19,0,0.9968344061830282
30,1,0.9329364747252842
37,1,0.9999973509602245
44,1,0.9436677455443291
46,0,0.9989557178243678
82,1,0.9201392375019557
84,1,0.9999967640648747
90,1,0.9931635264032528
0,1,0.9986022165159452
3,1,0.7176439097929542
5,1,0.3661902640603574
39,1,0.24123653235253323
60,1,0.9999821866203321
64,1,0.9538528204808936
66,1,0.9997017447474386
79,1,0.9885499410962403
85,0,0.9885927255945848
88,0,0.34267069081804963
11,1,0.9999457468094961
13,1,0.7152065423837378
26,1,0.8906071019930133
31,1,0.9998131847131131
45,1,0.39485790730584636
53,1,0.9996213049085414
62,0,0.730067135730659
73,1,0.9999666857713239
78,1,2.569429091520067e-07
98,0,0.06332127172456595
16,1,0.887815615118938
21,1,0.9730596766886265
25,1,0.9916417156806442
28,1,0.9978829074573741
40,1,0.9983514240025372
48,0,0.00016935984090447352
56,1,0.9902458950443789
63,1,0.984229820692531
67,0,0.1245169253881431
68,1,0.9994041822350467
10,1,0.9936332700783973
20,1,0.9694185161163319
29,1,0.9997515432032252
35,1,0.9991204148169297
36,1,0.994336090341713
61,0,0.232039450537728
65,1,0.715441742017811
81,1,0.8690859451723918
96,1,0.5037505879056603
99,0,0.9763390200483701
18,1,0.9947843045919761
27,1,0.9158766486111798
32,1,0.9965262662021511
55,1,0.9999761862843038
70,1,0.9982726807299488
72,0,0.5751105309576946
75,1,0.11833847879387847
76,1,0.9946126849720548
92,1,0.9992138989999251
97,0,0.4461683664600978
7,1,0.9433464654182248
12,1,0.9991966402174874
15,1,0.9825223850983936
23,1,0.9999847103435934
38,1,0.9710462807130004
49,0,0.00019949873366898575
51,1,0.9999889156340721
77,1,0.9988323402111934
86,0,0.9797720891083085
94,1,0.9998729335633403
17,1,0.9996207317044478
33,1,0.998274274518239
42,1,0.2859122776291389
54,1,0.013182736307219025
57,1,0.8635050124133127
69,1,0.8054137035594056
74,1,0.847562471606856
87,1,0.7606718144002583
89,0,0.04845259519963517
93,0,0.18700562490305175
