,y_true,y_pred
1,1,0.9997871899474208
8,1,0.9402617379187075
14,0,2.3262149848131767e-07
24,1,0.9999997341514655
34,1,0.9999980709482718
43,1,0.9987561991745119
52,1,0.3280991050627423
80,1,0.9999974809770118
83,1,0.9999975713614053
91,0,1.8636404613639003e-07
6,1,0.004897210776705225
9,1,0.02601481612838005
22,1,0.24795217219355348
41,1,0.9999911100266373
47,0,0.979780797583862
50,1,0.9999999764370034
58,1,0.9999999955008079
59,0,0.9999595538544502
71,1,0.9999981884094846
95,1,0.994301762013734
2,1,0.999577800490755
4,1,0.020112608056644957
19,0,0.999984003972327
30,1,0.983274293323983
37,1,0.9999973263054333
44,1,0.9961179012019454
46,0,0.9993869708926899
82,1,0.9999982278660794
84,1,0.9988161909170219
90,1,0.22997619907242114
0,1,0.9999535445418543
3,1,0.0332083688046202
5,1,0.9998989147184699
39,1,0.9998864248331399
60,1,0.9999972096736506
64,1,0.9954688936740773
66,1,0.25463636377008575
79,1,0.9393418166490101
85,0,0.9889820070503106
88,0,0.22012456529305469
11,1,0.9999999349422047
13,1,0.9948423545818135
26,1,0.28128721966247405
31,1,0.9999999653890802
45,1,1.0659089613143247e-11
53,1,0.9999995040767922
62,0,0.999881602415997
73,1,0.9999999988669543
78,1,2.136023262822906e-11
98,0,5.314573551088046e-06
16,1,0.9836989188739839
21,1,0.9999989647385193
25,1,0.9978353336800577
28,1,0.9997890315740313
40,1,0.999646171800414
48,0,0.9999673921607104
56,1,0.9950411623973041
63,1,0.9999999999997513
67,0,0.37024279269230864
68,1,0.9999987712218061
10,1,0.9998283333910775
20,1,0.9946442678281028
29,1,0.9999996700081202
35,1,0.9999936810550861
36,1,0.9999649786701555
61,0,0.9999999991489545
65,1,3.1840845959476636e-15
81,1,0.9999996065094329
96,1,9.567958793635103e-06
99,0,0.9999979960456045
18,1,0.9999932524093176
27,1,0.9638704372308194
32,1,0.9999997286904843
55,1,0.9999991505554375
70,1,0.9999999998634337
72,0,0.717565445256483
75,1,6.6477658101279315e-15
76,1,0.9833541916858455
92,1,0.999999998135003
97,0,0.9998730632710165
7,1,0.02337816599144237
12,1,0.9999999998230606
15,1,0.9999947162016241
23,1,0.9999757171943097
38,1,0.9999250413104265
49,0,0.9344521217736778
51,1,0.9999999515455839
77,1,0.9947486950988668
86,0,0.6157580895672198
94,1,0.9993960370650472
17,1,0.9999618874703541
33,1,0.9999874507641024
42,1,0.9995202431409482
54,1,0.4954882041862711
57,1,0.9902537911559645
69,1,0.3463551348917541
74,1,0.5180444157655993
87,1,0.995196242539955
89,0,0.9806409071092728
93,0,0.0003720286352907243
