,y_true,y_pred
11,1,0.9999832425876891
14,1,0.9999832425876891
25,1,0.9999832425876891
33,1,0.9999832425876891
35,1,0.9999832425876891
50,0,0.9999832425876891
51,0,0.9999832425876891
58,0,0.9999832425876891
81,0,0.9999832425876891
88,0,0.9999832425876891
13,1,0.9999826448274544
15,1,0.9999826448274544
20,1,0.9999826448274544
29,1,0.9999826448274544
45,1,0.9999826448274544
76,0,0.9999826448274544
84,0,0.9999826448274544
85,0,0.9999826448274544
90,0,0.9999826448274544
0,1,0.9999826448274544
10,1,0.9999826448274544
31,1,0.9999826448274544
40,1,0.9999826448274544
47,1,0.9999826448274544
54,0,0.9999826448274544
56,0,0.9999826448274544
70,0,0.9999826448274544
74,0,0.9999826448274544
4,1,0.9999826448274544
9,1,0.9999826448274544
19,1,0.9999826448274544
21,1,0.9999826448274544
42,1,0.9999826448274544
64,0,0.9999826448274544
65,0,0.9999826448274544
82,0,0.9999826448274544
83,0,0.9999826448274544
22,1,0.9999826448274544
34,1,0.9999826448274544
38,1,0.9999826448274544
41,1,0.9999826448274544
44,1,0.9999826448274544
57,0,0.9999826448274544
61,0,0.9999826448274544
80,0,0.9999826448274544
87,0,0.9999826448274544
6,1,0.9999826448274544
7,1,0.9999826448274544
27,1,0.9999826448274544
30,1,0.9999826448274544
48,1,0.9999826448274544
53,0,0.9999826448274544
67,0,0.9999826448274544
68,0,0.9999826448274544
75,0,0.9999826448274544
2,1,0.9999826448274544
8,1,0.9999826448274544
23,1,0.9999826448274544
24,1,0.9999826448274544
28,1,0.9999826448274544
52,0,0.9999826448274544
73,0,0.9999826448274544
86,0,0.9999826448274544
89,0,0.9999826448274544
1,1,0.5155482815057263
12,1,0.5155482815057263
32,1,0.5155482815057263
37,1,0.5155482815057263
49,1,0.5155482815057263
59,0,0.5155482815057263
63,0,1.0
71,0,0.5155482815057263
78,0,0.5155482815057263
16,1,0.9999826448274544
26,1,0.9999826448274544
36,1,0.9999826448274544
39,1,0.9999826448274544
46,1,0.9999826448274544
62,0,0.9999826448274544
66,0,0.9999826448274544
69,0,0.9999826448274544
79,0,0.9999826448274544
3,1,0.9999826448274544
5,1,0.9999826448274544
17,1,0.9999826448274544
18,1,0.9999826448274544
43,1,0.9999826448274544
55,0,0.9999826448274544
60,0,0.9999826448274544
72,0,0.9999826448274544
77,0,0.9999826448274544
