,y_true,y_pred
1,1,0.9668608048218323
8,1,0.350371264266981
14,0,0.08260461762459957
24,1,0.9996047636723757
34,1,0.9921588916677034
43,1,0.724231424773218
52,1,0.03345324718389348
80,1,0.8668118667848532
83,1,0.004646648815379013
91,0,0.0003371064241554829
6,1,0.23624099023442208
9,1,0.008718567088395298
22,1,0.832630222055012
41,1,0.21457092857192558
47,0,0.12214469016545733
50,1,0.9594093608034693
58,1,0.9920443203348273
59,0,0.15714933751395208
71,1,0.8784216179274081
95,1,0.08168974367640049
2,1,0.004927344547074972
4,1,0.007889155602933465
19,0,0.6228010376388892
30,1,0.18401094583464234
37,1,0.9993599584457642
44,1,0.3899484400580636
46,0,0.078964095807361
82,1,0.9998531736352514
84,1,0.999175222779166
90,1,0.01699301787093546
0,1,0.8593875011655936
3,1,0.14866456879614107
5,1,0.7587996522656062
39,1,0.03439640702836772
60,1,0.046291187689996675
64,1,0.3459649261836188
66,1,0.0963241931103238
79,1,0.12970531440611002
85,0,0.4403756421564514
88,0,0.06830163140654144
11,1,0.9667168100173033
13,1,0.4559039859675243
26,1,0.9085901858586011
31,1,0.9998563556151526
45,1,0.0027327690889608737
53,1,0.9930932527898813
62,0,0.00258007070699181
73,1,0.9995250675078361
78,1,0.0007844015150109265
98,0,0.009497870043965684
16,1,0.4787298387477203
21,1,0.987405220719517
25,1,0.8832816046338043
28,1,0.998858377204677
40,1,0.9995199701014431
48,0,0.38874851299032975
56,1,0.9382378414963839
63,1,0.9975490259666924
67,0,0.8234751067398564
68,1,0.974217650628753
10,1,0.08458232646032475
20,1,0.5298679368980507
29,1,0.9933682257224202
35,1,0.541215569787483
36,1,0.4577978768965799
61,0,0.9051407641265375
65,1,0.557315794382239
81,1,0.7211419128910772
96,1,0.0018132625421310791
99,0,0.9675154420334111
18,1,0.9994961369646848
27,1,0.9605652874915415
32,1,0.9974808217731177
55,1,0.9999735401291245
70,1,0.997122800190659
72,0,0.99749830198153
75,1,0.8838569711851609
76,1,0.2819407436950285
92,1,0.9969998394559195
97,0,0.05895053715701885
7,1,0.008788969118258905
12,1,0.9918885208565013
15,1,0.9412806523634221
23,1,0.9965499645552374
38,1,0.5271594432034843
49,0,0.9057252173499601
51,1,0.35792986071294197
77,1,0.993591426214364
86,0,6.150711001459772e-15
94,1,0.16849208735412227
17,1,0.8254324551706779
33,1,0.9509934343698175
42,1,0.8375962092891391
54,1,0.5357204010245831
57,1,0.7564331372130122
69,1,0.10134977320346758
74,1,0.13937654634329408
87,1,0.6420447571239312
89,0,0.6931424246511428
93,0,0.997263929218344
