,y_true,y_pred
11,1,0.6319340479577824
14,1,0.9996461475312622
25,1,0.9486119176637041
33,1,0.9979518902448374
35,1,0.9992512169967713
50,0,0.7392950445455715
51,0,0.024582588590878973
58,0,0.8261167423260924
81,0,0.09152427778806123
88,0,0.03561639264683697
13,1,0.20775624691307049
15,1,0.1112504869409899
20,1,0.383936780134228
29,1,0.9722275825334512
45,1,0.03299402437658381
76,0,4.5735189042683466e-05
84,0,0.5975877627278984
85,0,0.027697144177266316
90,0,1.0686324915244475e-05
0,1,0.7726902711212894
10,1,0.9913524990906214
31,1,0.8267629497910657
40,1,0.9955154323824961
47,1,0.971832449724145
54,0,0.7518754724181624
56,0,0.8605243598955279
70,0,0.9706773071063785
74,0,8.023213049446296e-06
4,1,0.3290501086716862
9,1,0.9999729083878213
19,1,0.9800995082878733
21,1,0.0071230028449700096
42,1,0.000818912704438332
64,0,0.3563294919026144
65,0,8.207455771554383e-06
82,0,0.9333291640245596
83,0,0.00023690142464514517
22,1,0.999995340288876
34,1,0.0005380475289289835
38,1,0.7460963070470856
41,1,0.9978064424245151
44,1,0.6911900885537612
57,0,0.22499672978330315
61,0,0.7194723151541884
80,0,1.9888342589485667e-06
87,0,0.02349552116869186
6,1,0.9911116499900589
7,1,0.9993138181764102
27,1,0.9997241769658405
30,1,0.9832784623499199
48,1,0.7751064375050747
53,0,1.615341203997864e-06
67,0,0.9999640897604835
68,0,0.69550146534665
75,0,0.986410348613081
2,1,0.9998823487875103
8,1,0.9974552810532621
23,1,0.9557083117878812
24,1,0.9425017759125103
28,1,0.06947642727274346
52,0,4.5159511638856166e-08
73,0,0.5961073998641714
86,0,0.001699028724951629
89,0,0.9348461069432423
1,1,0.9992963463318213
12,1,0.9998980512280995
32,1,0.9214930104946611
37,1,0.9987500237318506
49,1,0.9962692805664254
59,0,0.00042569694095585597
63,0,3.51004636944421e-08
71,0,0.06015919675965267
78,0,1.1489047527941196e-09
16,1,0.04466694962741844
26,1,0.9719382750835087
36,1,0.9952024523782432
39,1,0.9995630122369787
46,1,0.30039148051686115
62,0,0.43104857612828773
66,0,0.9769807272390788
69,0,0.00845499124577941
79,0,3.847755871048614e-05
3,1,0.9997524201151442
5,1,0.9999999999842819
17,1,0.8881779761802967
18,1,0.39797135642807685
43,1,0.99963392341451
55,0,0.6445379143804503
60,0,0.30822596282891046
72,0,0.02702122105796234
77,0,0.026505925103623488
