,y_true,y_pred
1,1,0.9171937467363017
8,1,0.8311453045664295
14,0,0.5113595549932163
24,1,0.9430039680094568
34,1,0.9378629943662535
43,1,0.6469349832400759
52,1,0.8339081300805475
80,1,0.8940761495756456
83,1,0.9250965344025025
91,0,0.14913677832699693
6,1,0.6637207050508891
9,1,0.7380668241351727
22,1,0.8913160870080666
41,1,0.8784065304566159
47,0,0.7726709296175216
50,1,0.8939007156475134
58,1,0.8962199931624506
59,0,0.8893947765342926
71,1,0.9116159938923194
95,1,0.8267412380146075
2,1,0.9703733004212444
4,1,0.6357903927739595
19,0,0.9733645910120412
30,1,0.8945740892715293
37,1,0.9871122830219009
44,1,0.9481517865601347
46,0,0.9303545458425058
82,1,0.9926402248378822
84,1,0.9782284172341223
90,1,0.9291949157852127
0,1,0.8924665783758826
3,1,0.20360445301408286
5,1,0.9559637367806665
39,1,0.8723222590271089
60,1,0.9594567633043481
64,1,0.9130919998897825
66,1,0.9226279986789588
79,1,0.5292369758219797
85,0,0.9319570753880791
88,0,0.8313811238261298
11,1,0.9362170528308591
13,1,0.5242805334212605
26,1,0.889584473559543
31,1,0.9723449544510905
45,1,0.5574138365820979
53,1,0.9446500468699202
62,0,0.9609226811094501
73,1,0.8879812253109494
78,1,0.14152522727390984
98,0,0.6226709441211089
16,1,0.9202542474620312
21,1,0.8282145488449888
25,1,0.7438519739405139
28,1,0.9369532385532975
40,1,0.878102854878191
48,0,0.7932752469870274
56,1,0.9284630886601956
63,1,0.8663122266818335
67,0,0.5
68,1,0.9346522078273518
10,1,0.7405676854128257
20,1,0.9584595987918255
29,1,0.991929293544447
35,1,0.9199170184386944
36,1,0.973356366651714
61,0,0.9758996710407561
65,1,0.9310856175443071
81,1,0.869736414536193
96,1,0.9034242514268159
99,0,0.9822883068301425
18,1,0.9148554114122648
27,1,0.4914502182426343
32,1,0.9370591235161333
55,1,0.8297781257052931
70,1,0.9576892460607794
72,0,0.8577695115590134
75,1,0.28402435104956686
76,1,0.7775110901817472
92,1,0.965598842572386
97,0,0.40494471301671414
7,1,0.7640360555453538
12,1,0.8135317366340852
15,1,0.9616704389003392
23,1,0.9004779274285336
38,1,0.8232167600230799
49,0,0.7294803695602367
51,1,0.7986253559868411
77,1,0.8732111242577285
86,0,0.6299594687174056
94,1,0.8512107653230714
17,1,0.9781212167750803
33,1,0.7326207547811323
42,1,0.14116326113410935
54,1,0.01290038006340935
57,1,0.8138324392097721
69,1,0.01716027083270694
74,1,0.4888819384151357
87,1,0.8804794486942424
89,0,0.6596458954029731
93,0,0.59395070124468
