,y_true,y_pred
1,1,0.9999560626290064
8,1,0.7407858336511667
14,0,0.0005622914437761223
24,1,0.9983538076186226
34,1,0.9982227161869122
43,1,0.017116303512708243
52,1,0.9789634734235443
80,1,0.9958625690949827
83,1,0.9998245811504767
91,0,0.0001230164818737618
6,1,0.20691155703082234
9,1,0.9910929703073265
22,1,0.908668030635688
41,1,0.9523615010197571
47,0,0.3099469512215055
50,1,0.99994262742917
58,1,0.9997005607432409
59,0,0.9787487044391134
71,1,0.9560229150822117
95,1,0.8537046539947405
2,1,0.820628892994412
4,1,0.9832592107841821
19,0,0.9984317603234092
30,1,0.8607845598283125
37,1,0.9999944085713678
44,1,0.9992854191546993
46,0,0.9999769751813307
82,1,0.9999592075892914
84,1,0.999890449798952
90,1,0.9917863822085374
0,1,0.9999996728096505
3,1,0.9729380814224577
5,1,0.9743674180043997
39,1,0.9999868642984483
60,1,0.9999930112509938
64,1,0.8932119222531721
66,1,0.9396197980864146
79,1,0.9999335106591549
85,0,0.9803199604973288
88,0,0.9906244529890587
11,1,0.9999638592220726
13,1,0.2851581040045315
26,1,0.9951691650490015
31,1,0.9999504015531545
45,1,0.2073003529223655
53,1,0.999397181514058
62,0,0.9981829677783303
73,1,0.9999953046724964
78,1,0.012802047748207689
98,0,0.41053741893500784
16,1,0.9832079366557296
21,1,0.6401701355239218
25,1,0.9543982850782491
28,1,0.9961193933003435
40,1,0.9961990729054726
48,0,0.9520742299313734
56,1,0.9393057977968949
63,1,0.9967653621241481
67,0,0.2739625739080684
68,1,0.9974665088446878
10,1,0.8915449316333661
20,1,0.9954374622552825
29,1,0.9999328343727123
35,1,0.9994786661422463
36,1,0.999476216646446
61,0,0.9216287478511277
65,1,0.7746357143007984
81,1,0.9940218948247046
96,1,0.9261927220914798
99,0,0.9996809126983737
18,1,0.9978286132828307
27,1,0.0026882152952151656
32,1,0.999987162975035
55,1,0.991137262306691
70,1,0.9989544743298132
72,0,0.986139956298782
75,1,7.815289776455904e-05
76,1,0.9999990985044749
92,1,0.9958197875346273
97,0,0.00041684158352574887
7,1,0.9473770177028628
12,1,0.9370363416684124
15,1,0.9947717083734222
23,1,0.9998087548449093
38,1,0.9960677743855395
49,0,0.9713820658768202
51,1,0.9999988116718176
77,1,0.9889006895302987
86,0,0.4099882641930865
94,1,0.9999249210040915
17,1,0.9991305560023278
33,1,0.8165473929494791
42,1,0.37460878216372884
54,1,0.37460878216372884
57,1,0.9976654627969852
69,1,0.3828758335096379
74,1,0.476951963091176
87,1,0.9454584456350156
89,0,0.6425571539243567
93,0,0.7290189593362693
