,y_true,y_pred
1,1,0.8040077476005361
8,1,0.804967687672446
14,0,0.794313348540943
24,1,0.805708071188472
34,1,0.8033268085230186
43,1,0.7950695915821765
52,1,0.8060255696132882
80,1,0.8135258747945582
83,1,0.8040023393526199
91,0,0.7987578228848342
6,1,0.810523190987947
9,1,0.8086666292107051
22,1,0.7997430400618671
41,1,0.8183878340013694
47,0,0.7967108425866194
50,1,0.8141765081353503
58,1,0.8175475027571824
59,0,0.8079153668953111
71,1,0.8092999436567948
95,1,0.7980115637633632
2,1,0.8217516652118181
4,1,0.8218004000943167
19,0,0.8193893346794002
30,1,0.8242688225876599
37,1,0.8224928944572859
44,1,0.8193260753882214
46,0,0.824108571956832
82,1,0.8216089516967017
84,1,0.8228300330046812
90,1,0.8175173386238804
0,1,0.8698414721732586
3,1,0.5961156425053692
5,1,0.8290788022734631
39,1,0.47513450689670755
60,1,0.8700717027052404
64,1,0.8663814886577149
66,1,0.8697032507592856
79,1,0.8683248430404661
85,0,0.8697214412627766
88,0,0.6482434442474354
11,1,0.8624475408118826
13,1,0.5703947296658404
26,1,0.8544804885889388
31,1,0.8742719018010601
45,1,0.5
53,1,0.8576755521787947
62,0,0.86648721174126
73,1,0.8603106410304164
78,1,0.9152565295597748
98,0,0.8098979593300688
16,1,0.8244104302247829
21,1,0.8137413538000889
25,1,0.8174407681881011
28,1,0.7967228201234641
40,1,0.7900591837740925
48,0,0.8241593646783079
56,1,0.8059470599672158
63,1,0.8113277014066979
67,0,0.8214183875440467
68,1,0.8206426165671803
10,1,0.847622251577515
20,1,0.8498474878196226
29,1,0.8453382438142554
35,1,0.8451940328180918
36,1,0.8474338800877287
61,0,0.8491581173515966
65,1,0.8402461463798255
81,1,0.8442270417954638
96,1,0.8262213155636586
99,0,0.8452921479300597
18,1,0.8831961406548022
27,1,0.887921779284044
32,1,0.8828288650579588
55,1,0.8909233254436589
70,1,0.8903541162857135
72,0,0.892400046496806
75,1,0.12354033901436119
76,1,0.8836030234007491
92,1,0.8827081948888053
97,0,0.8798313822493758
7,1,0.772372760146396
12,1,0.8116694545885546
15,1,0.7752207851087916
23,1,0.8651840426331786
38,1,0.8186064694690697
49,0,0.823134569233559
51,1,0.8656404317338455
77,1,0.8398092948404423
86,0,0.8022181937408449
94,1,0.87058323915767
17,1,0.8025330531336772
33,1,0.802165107920913
42,1,0.7979852500027365
54,1,0.8008072744521193
57,1,0.8025856412800908
69,1,0.7976718603301681
74,1,0.8007863796252984
87,1,0.8011626770074863
89,0,0.8009176728030671
93,0,0.7967730503115366
