,y_true,y_pred
1,1,0.906970626381248
8,1,0.8152602078184249
14,0,0.7740535719416889
24,1,0.8860962913377936
34,1,0.8487775645665889
43,1,0.9082459110109032
52,1,0.427633667990385
80,1,0.9141715260712341
83,1,0.9069057909479359
91,0,0.6948460787219801
6,1,0.9078826089091614
9,1,0.8295218880549337
22,1,0.9184073478953585
41,1,0.8797582052662777
47,0,0.8089168861165984
50,1,0.9359398969894196
58,1,0.9595957641174555
59,0,0.370252052884519
71,1,0.9055142796464005
95,1,0.8925258427894783
2,1,0.8214308938201719
4,1,0.8185352166439226
19,0,0.6595573391577582
30,1,0.7531223501501237
37,1,0.9347786049801283
44,1,0.4809555195785964
46,0,0.6666958827195755
82,1,0.8661099643109681
84,1,0.8292767354337934
90,1,0.4895804844115498
0,1,0.621763749822141
3,1,0.6203987229635105
5,1,0.9510479453369978
39,1,0.7442852805533292
60,1,0.8964723621170614
64,1,0.8298829732407643
66,1,0.9139463687523973
79,1,0.8778316930756854
85,0,0.6495785509141291
88,0,0.4620713995285801
11,1,0.9562399327074058
13,1,0.9441050202868113
26,1,0.7096164506747836
31,1,0.8833625479718136
45,1,0.8701584022077792
53,1,0.9815574658847835
62,0,0.7118728133540656
73,1,0.9708785916908593
78,1,0.8291143523981416
98,0,0.8437510998483582
16,1,0.9754897581352711
21,1,0.7769989908073488
25,1,0.8064177134506076
28,1,0.7967735357255233
40,1,0.9465008299520768
48,0,0.6303665228446962
56,1,0.8522716310784836
63,1,0.6668721461043996
67,0,0.8298959196797914
68,1,0.9217373002328866
10,1,0.7341606207419638
20,1,0.9079436226536947
29,1,0.8637559311825274
35,1,0.9060581902267784
36,1,0.8525827240102576
61,0,0.8131548679129837
65,1,0.8722617861915669
81,1,0.9195692016309392
96,1,0.43735708140449125
99,0,0.7781367258563207
18,1,0.8984496500007448
27,1,0.9261432759049127
32,1,0.8871809434417444
55,1,0.7843574176439009
70,1,0.8567455077327351
72,0,0.8025065789866167
75,1,0.6884951559079332
76,1,0.6753678607409654
92,1,0.9492533361029543
97,0,0.9284152922804486
7,1,0.9575680244170894
12,1,0.9778485292269837
15,1,0.9879839631337964
23,1,0.9507429704874223
38,1,0.7457066946408016
49,0,0.4596528176506895
51,1,0.8423697535117012
77,1,0.9590119783677674
86,0,0.9677892108195966
94,1,0.8123901868506123
17,1,0.8835966989854768
33,1,0.7766428385635697
42,1,0.8209497749415428
54,1,0.8311037088909341
57,1,0.6639820558091993
69,1,0.774264024622077
74,1,0.7520123644708018
87,1,0.9245823528872064
89,0,0.7927383905369394
93,0,0.9045362192372819
