,y_true,y_pred
0,0,0.09698854443239366
11,0,0.036045045281550205
12,1,0.6918092490402181
23,1,0.6991394991958736
40,1,0.5353843805295762
50,1,0.9574208243732927
7,1,0.8506026643498175
17,1,0.9576892397193165
20,0,0.7218461981887514
22,1,0.9594355485557096
36,0,0.1149718920511039
3,1,0.5936830453669224
5,0,0.1402572126310299
15,1,0.6365620749245952
32,1,0.6686537386033382
42,0,0.049636192454012115
2,1,0.9597508164449631
4,1,0.9690001775400084
39,1,0.821165423767828
46,0,0.591647097383459
49,0,0.25948693401783485
14,1,0.956031578415758
18,0,0.06104809811035482
30,1,0.5397390305501408
31,1,0.5335680125136694
37,0,0.7699191891348469
8,1,0.7581065110451854
9,0,0.3638981709466828
26,1,0.9530176740613177
33,1,0.7472691669744068
47,0,0.7982038567680567
1,1,0.7276030521670607
25,0,0.43178364376248113
35,1,0.9185866766786944
43,1,0.5
44,0,0.14947908920993147
6,1,0.9150769934589709
21,1,0.8969206743959794
24,1,0.8197164822996529
27,0,0.33270428871428903
48,0,0.28275482299541427
16,1,0.6916538157399246
19,0,0.5719771366928134
29,0,0.1312235762508424
38,1,0.9871719159858975
45,1,0.6938898541638426
10,1,0.6008995279557438
13,1,0.9803373727217471
28,1,0.1927128677246699
34,1,0.15638262169287945
41,0,0.030426840286952802
