,y_true,y_pred
1,1,0.7398616026688397
8,1,0.717805688101193
14,0,0.4845439666862782
24,1,0.8532509682090268
34,1,0.5768506717816778
43,1,0.745765247668191
52,1,0.8759949894128968
80,1,0.8373812597881664
83,1,0.923663975414492
91,0,0.4441129638873489
6,1,0.8075770304027309
9,1,0.7701481764649479
22,1,0.4673618491122535
41,1,0.9183807186396641
47,0,0.1737145395431884
50,1,0.9083413547492957
58,1,0.9213309129429831
59,0,0.9455468105624434
71,1,0.9798677692754943
95,1,0.9251822518954362
2,1,0.8315642680596042
4,1,0.8914417248701768
19,0,0.8692590747708193
30,1,0.8846688915245456
37,1,0.8612561267772088
44,1,0.8370679974288858
46,0,0.8843035657902658
82,1,0.8339735827065439
84,1,0.8799759267496943
90,1,0.8652067717549297
0,1,0.900325456077998
3,1,0.8011827581356169
5,1,0.8911508665714264
39,1,0.8612327028268834
60,1,0.940417064178967
64,1,0.9397546237261778
66,1,0.9294712974274035
79,1,0.6489625675421069
85,0,0.6377615859475062
88,0,0.5145013614728443
11,1,0.9674931238575203
13,1,0.27066178302501803
26,1,0.9749743085588224
31,1,0.9498593876099547
45,1,0.493092025118278
53,1,0.9850321914009977
62,0,0.9425605395511346
73,1,0.9730131239340261
78,1,0.9736494790782607
98,0,0.6638970314455342
16,1,0.785466025292698
21,1,0.7572001209397283
25,1,0.7847503544766202
28,1,0.8185321662622577
40,1,0.8641190174647622
48,0,0.7769442095820832
56,1,0.8052232422252867
63,1,0.8260872969054192
67,0,0.7663741798708618
68,1,0.8419537968131817
10,1,0.8200602632108404
20,1,0.8193708667729459
29,1,0.8329673658030875
35,1,0.8615823314703279
36,1,0.8209456953644971
61,0,0.8271742585927798
65,1,0.8487999658325508
81,1,0.7375517355322648
96,1,0.7064650776461114
99,0,0.8177815489452035
18,1,0.8723212852821149
27,1,0.9217512721559356
32,1,0.8787126748897418
55,1,0.8904771477605924
70,1,0.8906100423978033
72,0,0.8012302592479814
75,1,0.8370200713408505
76,1,0.8369893098251339
92,1,0.8622158807224708
97,0,0.822550881709923
7,1,0.7544666680822312
12,1,0.8982921525915083
15,1,0.7310393475086427
23,1,0.9014198241667624
38,1,0.8386129101412063
49,0,0.7061800233862393
51,1,0.9216772379970791
77,1,0.8325085472580824
86,0,0.8224918872548913
94,1,0.8457898681686443
17,1,0.8336489564219857
33,1,0.8427545187848524
42,1,0.622129267716725
54,1,0.8300611277548957
57,1,0.891219962021383
69,1,0.7013767761958866
74,1,0.8976946500869494
87,1,0.7852588882168184
89,0,0.8449526311770098
93,0,0.6914816856819115
