,y_true,y_pred
1,1,0.9722465078324424
8,1,0.8668725480293725
14,0,0.24867577269671412
24,1,0.9426477773859132
34,1,0.8988411657162395
43,1,0.5083839331656999
52,1,0.8320966234147918
80,1,0.9775738169306416
83,1,0.9835499258642229
91,0,0.2211604241418782
6,1,0.9968249281663093
9,1,0.9997296582034964
22,1,0.9972858202762303
41,1,0.6339333043055887
47,0,0.1480295287068764
50,1,0.9993902023864336
58,1,0.9999469265420607
59,0,0.794507892521033
71,1,0.8549903495259127
95,1,0.9736233774458262
2,1,0.9041351330137993
4,1,0.7185209850879221
19,0,0.967488575536836
30,1,0.8467046694371136
37,1,0.990685387838137
44,1,0.924645732409911
46,0,0.8819833569894733
82,1,0.9065542893335119
84,1,0.9909645037472286
90,1,0.7151508231029889
0,1,0.8251860742490629
3,1,0.62180071385982
5,1,0.7227348412691069
39,1,0.5916049213906711
60,1,0.9851313243799287
64,1,0.9295324761050278
66,1,0.9808570475577782
79,1,0.925908657466141
85,0,0.9209774274974588
88,0,0.6370696644007824
11,1,0.986835231897332
13,1,0.8663641102780998
26,1,0.585133407393454
31,1,0.9258846851217696
45,1,0.8730732092533343
53,1,0.9077106401759223
62,0,0.5735642802593229
73,1,0.9893298668769537
78,1,0.05839844570128565
98,0,0.5536479075336469
16,1,0.9115144252546408
21,1,0.9542912633313432
25,1,0.34564992309519865
28,1,0.934031383424225
40,1,0.9677875970822322
48,0,0.5577403809167621
56,1,0.8926684483443649
63,1,0.9257664565024092
67,0,0.4938880950247309
68,1,0.9850994774544455
10,1,0.8981338432666351
20,1,0.8792893348520464
29,1,0.9486216265341235
35,1,0.9390491849421133
36,1,0.959734838164453
61,0,0.8148659405512058
65,1,0.7798717009103638
81,1,0.789023932204744
96,1,0.7724846244217943
99,0,0.9327537598201481
18,1,0.9212811862325708
27,1,0.9046571096003838
32,1,0.9372240514453772
55,1,0.9799274231721634
70,1,0.9759841375716278
72,0,0.8649106629328217
75,1,0.19141885092704639
76,1,0.9501933486502544
92,1,0.9435884564294419
97,0,0.7898975802667294
7,1,0.9916180332175987
12,1,0.9988952821116422
15,1,0.9206202815472999
23,1,0.999911343676311
38,1,0.9802658677184691
49,0,0.29616755409148104
51,1,0.9999830766306835
77,1,0.988047409286024
86,0,0.992137102943161
94,1,0.9992062427733418
17,1,0.9812482914349681
33,1,0.9495011779362414
42,1,0.7684608610148796
54,1,0.34979372159055355
57,1,0.4930082842631339
69,1,0.9347312243132154
74,1,0.6937115384305551
87,1,0.8030923836147742
89,0,0.4814681881980717
93,0,0.6880974255501698
