,y_true,y_pred
0,0,0.5051858263434308
11,0,0.35056463542341965
12,1,0.4632158898971529
23,1,0.6577793348205062
40,1,0.6521548758205219
50,1,0.9313357262175695
7,1,0.9059703265207979
17,1,0.5531942040083003
20,0,0.9247465641301872
22,1,0.4016924976586752
36,0,0.7801227028233787
3,1,0.35253779209343766
5,0,0.49435843185086376
15,1,0.6694790226830688
32,1,0.5734183048772968
42,0,0.39569118680560716
2,1,0.9690615069503713
4,1,0.9067962500996016
39,1,0.9922108936987908
46,0,0.6613921302335926
49,0,0.7514368328001888
14,1,0.9975527119448147
18,0,0.19476954439603936
30,1,0.8144452712607532
31,1,0.26159962010055043
37,0,0.7368718646938781
8,1,0.7302077890726992
9,0,0.32290050624362615
26,1,0.7138637765257935
33,1,0.9212901783930246
47,0,0.5920908052868901
1,1,0.9918705497063466
25,0,0.8995169981109079
35,1,0.9746878163183424
43,1,0.5032390774451851
44,0,0.22675282525389318
6,1,0.7668955033955631
21,1,0.6197019254501522
24,1,0.6981085856959494
27,0,0.509374055368471
48,0,0.42977954323024903
16,1,0.3679765843682764
19,0,0.13050593203114605
29,0,0.49016718850726
38,1,0.9927730654642994
45,1,0.9996469206682185
10,1,0.4309509303907078
13,1,0.9683603050837619
28,1,0.451109554022245
34,1,0.4352875829786813
41,0,0.3043853530702533
