,y_true,y_pred
1,1,0.8882513408676928
8,1,0.8619640297651446
14,0,0.6216573800458953
24,1,0.8970274103594679
34,1,0.8003285203481822
43,1,0.5222624236429454
52,1,0.8465166002569533
80,1,0.9042802338643956
83,1,0.9259013664689106
91,0,0.8169913363244735
6,1,0.7283470727159973
9,1,0.8197624122798052
22,1,0.8130318551704392
41,1,0.8593130106332962
47,0,0.3664589801685803
50,1,0.8815907040603242
58,1,0.8557116947749304
59,0,0.8623138571540239
71,1,0.8882835921015909
95,1,0.8416284951304546
2,1,0.6465341492713633
4,1,0.7682760230049471
19,0,0.8509379733988965
30,1,0.8787863373935512
37,1,0.8550922863569428
44,1,0.8752639952208442
46,0,0.7312362073737857
82,1,0.7654811475231774
84,1,0.8699325139594085
90,1,0.8731410387611612
0,1,0.8872865576906638
3,1,0.8601379010715987
5,1,0.8843445038937859
39,1,0.697473030284914
60,1,0.8611445777626542
64,1,0.9162800501595971
66,1,0.8706596136493021
79,1,0.8329737930590647
85,0,0.8884702233417994
88,0,0.7977283361366783
11,1,0.8724011124603359
13,1,0.7447284946325559
26,1,0.8998440101684781
31,1,0.8790421545784071
45,1,0.7763456082614762
53,1,0.910862767470441
62,0,0.8896173138288928
73,1,0.8785127970524778
78,1,0.8441725890526963
98,0,0.6126802475568295
16,1,0.7962451575828002
21,1,0.8737031453966652
25,1,0.8618714754672339
28,1,0.865995769858833
40,1,0.8767740637143142
48,0,0.7910560061336693
56,1,0.8710555587678122
63,1,0.8736258947020021
67,0,0.17630402169112958
68,1,0.8571444680764588
10,1,0.9116347367070046
20,1,0.898090458131982
29,1,0.8910972721238252
35,1,0.9013141543192774
36,1,0.8813519288505487
61,0,0.28154177422334914
65,1,0.9114888058874293
81,1,0.42722500948410247
96,1,0.8708409096346637
99,0,0.6044335337095811
18,1,0.8721162918011992
27,1,0.7803821775572832
32,1,0.8697421459657749
55,1,0.870439144415128
70,1,0.9153015515432149
72,0,0.18731812322207292
75,1,0.8318496181048464
76,1,0.8348141981097518
92,1,0.8647727913596767
97,0,0.814687605801442
7,1,0.8181981742137023
12,1,0.8895952159065947
15,1,0.837124783406696
23,1,0.8668779011725493
38,1,0.8612360987133821
49,0,0.3666302640882881
51,1,0.8604907529794689
77,1,0.8571053739871973
86,0,0.8603746378311505
94,1,0.8550141476057956
17,1,0.8636970729274781
33,1,0.862397490417561
42,1,0.6995837306950351
54,1,0.8555359287555397
57,1,0.8537445637197634
69,1,0.4739631470275339
74,1,0.873977027657741
87,1,0.7134297336657628
89,0,0.8115112831896144
93,0,0.29583799226602336
