,y_true,y_pred
1,1,0.9982631810864055
8,1,0.9938976399198534
14,0,0.2095138563541025
24,1,0.9996328128388247
34,1,0.9830115819776577
43,1,0.9968379993632888
52,1,0.05224898688815744
80,1,0.9982383618124785
83,1,0.999996592153135
91,0,0.019319830379043727
6,1,0.9999857831914638
9,1,0.9401959344426961
22,1,0.9999843985391527
41,1,0.9442372048920579
47,0,0.08754915795958834
50,1,0.9992414039245924
58,1,0.9404604944968402
59,0,0.5593380579705198
71,1,0.9999672422027613
95,1,0.9553731197999062
2,1,0.9999993890397914
4,1,0.9996176720346771
19,0,0.9908827834496514
30,1,0.8637267576783253
37,1,0.9990766297067676
44,1,0.9987788759729698
46,0,0.17791345205823625
82,1,0.9999967353652268
84,1,0.9909694932881525
90,1,0.7916993713814952
0,1,0.8281779925409242
3,1,0.9428665286339329
5,1,0.9937647217727205
39,1,0.9944561168942008
60,1,0.993790251079768
64,1,0.9688650282045744
66,1,0.862102282909351
79,1,0.8602336962625211
85,0,0.07139256577037562
88,0,0.04406467168637385
11,1,0.9999683482402236
13,1,0.9999995968305158
26,1,0.9999165547951542
31,1,0.9981924951098801
45,1,0.892388090133702
53,1,0.9997866621274047
62,0,0.05800893229145682
73,1,0.9999934949988123
78,1,0.03781599808205806
98,0,0.046851864114407143
16,1,0.999947079619031
21,1,0.9998779596257078
25,1,0.8586072784946681
28,1,0.9999300778172295
40,1,0.9994027278679884
48,0,0.8683771538576148
56,1,0.9986753624907287
63,1,0.9999844562876481
67,0,0.7036261365286836
68,1,0.9955036607966162
10,1,0.999930423095762
20,1,0.998350864683079
29,1,0.9996489195145806
35,1,0.9998641944502238
36,1,0.9997041563579655
61,0,0.8072330473648457
65,1,0.9931134581279376
81,1,0.9999997874459244
96,1,0.9890176892170038
99,0,0.2796208389872728
18,1,0.9988965543902794
27,1,0.9841946889431709
32,1,0.999913442861566
55,1,0.9989690162029298
70,1,0.9978849573589019
72,0,0.9267796397422717
75,1,0.07586316674414204
76,1,0.9999941689405392
92,1,0.994088295805286
97,0,0.9588032960252192
7,1,0.9999717667597812
12,1,0.9999542153650537
15,1,0.9993954550272622
23,1,0.9989830404354763
38,1,0.9981343075511618
49,0,0.007727369654777541
51,1,0.9690395680648812
77,1,0.9588040916643474
86,0,0.010007697105833605
94,1,0.21824914631952663
17,1,0.9999403318077704
33,1,0.997577590107954
42,1,0.998557310747814
54,1,0.9447301218719104
57,1,0.9902269171833387
69,1,0.9998184923478147
74,1,0.9979326952103623
87,1,0.9999851595231671
89,0,0.34463465367577756
93,0,0.05882470361923609
