,y_true,y_pred
0,0,0.6287272715082279
11,0,0.630179308528228
12,1,0.6281130001207298
23,1,0.611860588082866
40,1,0.6298445468538253
50,1,0.6116336126300175
7,1,0.634096676047875
17,1,0.6278398198453717
20,0,0.6410182232345614
22,1,0.638128586471705
36,0,0.6256561502528201
3,1,0.5945725104735003
5,0,0.6723408251135853
15,1,0.6648407871062687
32,1,0.670988973501298
42,0,0.6371745747782431
2,1,0.693924994471337
4,1,0.6979713368493495
39,1,0.6841729345769213
46,0,0.5791870457945774
49,0,0.6446267742779433
14,1,0.7157107482447393
18,0,0.5280606676206155
30,1,0.534007037771644
31,1,0.5378656607780591
37,0,0.6007332302904919
8,1,0.6264621516911256
9,0,0.6049618985061078
26,1,0.5344815509115294
33,1,0.540561658634631
47,0,0.5325930237222496
1,1,0.6796347507885773
25,0,0.5780704976650035
35,1,0.5885983559913626
43,1,0.5743921212373436
44,0,0.57440181965035
6,1,0.6514311970767389
21,1,0.6368245285754093
24,1,0.6146744460896604
27,0,0.6067655974724117
48,0,0.6027051014532939
16,1,0.6456581277334336
19,0,0.6933304818889122
29,0,0.5797065086306902
38,1,0.6905058043523599
45,1,0.705541511709134
10,1,0.5883177274729433
13,1,0.5899634363654971
28,1,0.6112895679019306
34,1,0.5955296558810775
41,0,0.6169553987363114
