,y_true,y_pred
1,1,0.9277713518403716
8,1,0.8467773392775834
14,0,0.010265971842464333
24,1,0.9615144041376158
34,1,0.8169269987540316
43,1,0.8136744965109356
52,1,0.8246009629108885
80,1,0.9550295177596765
83,1,0.6814994677187077
91,0,0.22099080577648397
6,1,0.9987231566255099
9,1,0.7248901645384577
22,1,0.8775870230240361
41,1,0.8579010741421279
47,0,0.6353772169957668
50,1,0.9860679971176219
58,1,0.9539234048337698
59,0,0.27499577760466587
71,1,0.9208147655260448
95,1,0.8697556946268833
2,1,0.9994150080183664
4,1,0.8200014642804652
19,0,0.9098696817592722
30,1,0.389248061427642
37,1,0.8241727221273785
44,1,0.9283801582606452
46,0,0.761693163497655
82,1,0.9459744494381185
84,1,0.9753355095322779
90,1,0.8001354007252234
0,1,0.981488265789689
3,1,0.4935520551629607
5,1,0.749531478489569
39,1,0.8834185510309348
60,1,0.9375055351222245
64,1,0.9654657473601762
66,1,0.9887365197980266
79,1,0.8525323908647671
85,0,0.5369602978038502
88,0,0.8164045780990595
11,1,0.961671707667623
13,1,0.9529804491458059
26,1,0.42260786000447265
31,1,0.8481706730353195
45,1,0.9678909252320691
53,1,0.9925582809898179
62,0,0.9821010221756812
73,1,0.8790439712259437
78,1,0.5503468037620661
98,0,0.10197272919589659
16,1,0.8901558678629259
21,1,0.9348497251968115
25,1,0.21748267715148759
28,1,0.9304914969348279
40,1,0.8281947610269309
48,0,0.9825449445451254
56,1,0.9872145172864296
63,1,0.9986149296406595
67,0,0.8344216502274546
68,1,0.8334099351363211
10,1,0.7123680537731715
20,1,0.8947358154413392
29,1,0.8599598846638383
35,1,0.9484426794514512
36,1,0.8416884479421956
61,0,0.8408357154773289
65,1,0.9968221422226123
81,1,0.9188509706494734
96,1,0.8262481279843544
99,0,0.5393312686941096
18,1,0.9873009141978205
27,1,0.9116139390665448
32,1,0.8522762406294828
55,1,0.9914778354739326
70,1,0.91003681285866
72,0,0.5431753778131081
75,1,0.30832152745013874
76,1,0.6471146303022955
92,1,0.9533984956210553
97,0,0.49907105287445414
7,1,0.9688606972227788
12,1,0.6991663319209009
15,1,0.9742472007627822
23,1,0.8219764489526394
38,1,0.7092871063976969
49,0,0.8900515371984473
51,1,0.9897616528465084
77,1,0.6888755338366086
86,0,0.7365751976544583
94,1,0.7538527796091407
17,1,0.9314431528474391
33,1,0.850038811766135
42,1,0.9823612819619763
54,1,0.7945885059080243
57,1,0.695501964320056
69,1,0.9537498821841446
74,1,0.11244418155266381
87,1,0.7356780068342587
89,0,0.6564612272418947
93,0,0.9749460874498396
