,y_true,y_pred
1,1,0.9997021236503355
8,1,0.9369963607303087
14,0,0.5892123888131724
24,1,0.9991327766954055
34,1,0.2908880539209949
43,1,0.10561612678900238
52,1,0.9999148618840077
80,1,1.0
83,1,0.9997164571660137
91,0,0.29882914006216066
6,1,0.2039569766244985
9,1,0.48699861807809963
22,1,0.7125787618772691
41,1,0.9999999999999998
47,0,0.6297953057637621
50,1,0.9999999999959308
58,1,0.9999999999940854
59,0,0.9829559575635702
71,1,0.9104959333899242
95,1,0.8350329061353376
2,1,0.23579136464079503
4,1,0.8192878091134271
19,0,0.9949166106440283
30,1,0.9998288586783933
37,1,0.9999999999997262
44,1,0.989308142531894
46,0,0.8550022958965398
82,1,0.6751159268599606
84,1,0.9999999999998876
90,1,0.9999997744515625
0,1,1.0
3,1,0.8182739323945666
5,1,0.9996198158975905
39,1,0.9999999536153242
60,1,1.0
64,1,0.9878279026748898
66,1,0.9999999992422346
79,1,0.9995461042773636
85,0,0.9999067133059304
88,0,0.9909849688855433
11,1,0.9999999999999996
13,1,0.530310840625242
26,1,0.9354360372525797
31,1,0.9999999999989977
45,1,0.803912484976971
53,1,0.999999696853973
62,0,0.30873843069630846
73,1,1.0
78,1,0.9926547461959491
98,0,0.9308230647939684
16,1,0.9999940887254144
21,1,0.7782574857557845
25,1,0.9999998526324136
28,1,0.9999996278098862
40,1,0.9999999997771607
48,0,0.201409387908103
56,1,0.5403451257136331
63,1,0.9129572713324392
67,0,0.033262125594044185
68,1,0.9999999999991134
10,1,0.910174481102599
20,1,0.45416405567571033
29,1,0.9999999999999398
35,1,0.999999999997623
36,1,0.9994642866714402
61,0,0.4413226986364707
65,1,0.13492280454954286
81,1,0.8956746374820425
96,1,0.9800554984693688
99,0,0.6971660035747929
18,1,0.999999938340411
27,1,0.3072089762117325
32,1,0.9999999513298025
55,1,1.0
70,1,0.9999996588531035
72,0,0.03370072182741734
75,1,0.7335485830384701
76,1,0.8070229307880374
92,1,1.0
97,0,0.9643408200186662
7,1,0.7492552141483024
12,1,0.9999999999862037
15,1,0.9998345871895379
23,1,1.0
38,1,0.16985693405535768
49,0,0.9949606419007371
51,1,1.0
77,1,0.9999999999998266
86,0,0.9996651417818536
94,1,1.0
17,1,0.9999999996643967
33,1,0.9999933980877869
42,1,0.2898550220867849
54,1,0.24812955186814603
57,1,0.9999999999991471
69,1,0.46487458904035595
74,1,0.9796003084710466
87,1,0.9709129591209458
89,0,0.20789619281143154
93,0,0.3835067706679712
