,y_true,y_pred
1,1,0.9938129679247081
8,1,0.05902756258449096
14,0,0.00013633876084412832
24,1,0.999837094502202
34,1,0.9858842844927419
43,1,0.8485244535942374
52,1,1.0
80,1,0.9999996711541577
83,1,0.9999497229064245
91,0,0.0011114610153475787
6,1,0.9920041691665856
9,1,0.9983575016621933
22,1,0.9683029028694563
41,1,0.9999997316247419
47,0,7.029373322957651e-05
50,1,0.9999443678435593
58,1,0.9999998593931785
59,0,0.8023895987930486
71,1,0.9683197305544691
95,1,0.797338959417221
2,1,0.9807859973829554
4,1,0.8711972813687184
19,0,0.9992983238048478
30,1,0.9999896267460462
37,1,0.9999998302748291
44,1,0.9991181631410753
46,0,0.99999999990417
82,1,0.9974027520322125
84,1,0.9999999776373166
90,1,0.9999999940969382
0,1,0.9999999440744882
3,1,0.2147833607225732
5,1,0.9999844743768964
39,1,0.6382650912951955
60,1,0.999999999695361
64,1,0.9999996764575593
66,1,0.9998367308705151
79,1,0.5788386788083255
85,0,0.8747643406659066
88,0,0.001072030911117568
11,1,0.9999999986571126
13,1,0.9987592848685357
26,1,0.9910354421870123
31,1,0.9999996518286083
45,1,0.10001959667197793
53,1,0.9995834259434573
62,0,0.9676568226483377
73,1,0.9999999999969131
78,1,2.5651653599415244e-05
98,0,0.0025346332171657057
16,1,0.9997728525256151
21,1,0.6191153080319078
25,1,0.9999877285812921
28,1,0.9998123506810251
40,1,0.9989359604258087
48,0,0.27869361871686815
56,1,0.9608213987176286
63,1,0.9999999999999643
67,0,0.05138568773867696
68,1,0.9999999042526934
10,1,0.9998852797557871
20,1,0.9999747801976214
29,1,0.9999976515935113
35,1,0.9999915762127509
36,1,0.9930290622429039
61,0,0.999527906387012
65,1,0.9152674201757992
81,1,0.9691100973705845
96,1,0.9568694227053984
99,0,0.9352980706814733
18,1,0.9996988300183964
27,1,0.9659253180913949
32,1,0.9999965944365848
55,1,0.9999999999972946
70,1,0.999992877029935
72,0,0.998943670399245
75,1,0.9999999992009203
76,1,1.0
92,1,0.999979901822041
97,0,0.5347518304497114
7,1,0.9999999713455613
12,1,0.9996300854071365
15,1,0.9971355780798213
23,1,0.9999999973930236
38,1,0.9978531872861812
49,0,0.12635035688869511
51,1,0.9999999999726348
77,1,0.9999868219804281
86,0,0.975271186457281
94,1,0.9999997983283266
17,1,0.9999998516191511
33,1,0.9998654600070543
42,1,0.8808528714713861
54,1,0.8964110432426736
57,1,0.9988294763779817
69,1,0.31781498392817753
74,1,0.9453372029371604
87,1,0.9980696378197272
89,0,9.152212088497861e-07
93,0,0.2749013473225175
