,y_true,y_pred
0,0,0.6266063723506313
11,0,0.640377981195764
12,1,0.6239388928655073
23,1,0.6036166619488917
40,1,0.5920689505861516
50,1,0.5385623203799849
7,1,0.6466760383882796
17,1,0.6232689363244619
20,0,0.6415204292856539
22,1,0.6396501607978192
36,0,0.6395215644063637
3,1,0.594529845332981
5,0,0.681630201423845
15,1,0.6698109798741411
32,1,0.6852996249717236
42,0,0.6372174460967837
2,1,0.6653553538970948
4,1,0.6624235912132708
39,1,0.5518908074722859
46,0,0.6192191190790651
49,0,0.6271394319546597
14,1,0.6239428511603158
18,0,0.6326780963624947
30,1,0.631430142715551
31,1,0.6376329678835532
37,0,0.6323912746492075
8,1,0.564649325730503
9,0,0.687998098241274
26,1,0.6966492207221685
33,1,0.6326699502013333
47,0,0.7317630366477808
1,1,0.5646341820762834
25,0,0.664779951311335
35,1,0.6673554979219071
43,1,0.6081724226674197
44,0,0.594638604967108
6,1,0.6319577056927689
21,1,0.63179518996727
24,1,0.63210884510499
27,0,0.6320961149403294
48,0,0.6321471395039122
16,1,0.5536382820814106
19,0,0.6570222289846407
29,0,0.5428209992762648
38,1,0.7668421232744299
45,1,0.7576836015511056
10,1,0.5286296741724988
13,1,0.5450562732647272
28,1,0.7092964286892817
34,1,0.5542644148526001
41,0,0.6232024602528106
