,y_true,y_pred
0,0,0.619289502550836
11,0,0.6496611948776803
12,1,0.6452534293022054
23,1,0.565311993056621
40,1,0.5987057043401874
50,1,0.5998338850537713
7,1,0.5754992169634489
17,1,0.705316083720242
20,0,0.6361356123098888
22,1,0.3187171640519068
36,0,0.5963191841504025
3,1,0.6754756444658615
5,0,0.546746897784618
15,1,0.5183652996482797
32,1,0.830089714723313
42,0,0.21287624307749195
2,1,0.887761503573499
4,1,0.8366813284652792
39,1,0.936016712496164
46,0,0.9323134498215961
49,0,0.9101505526036797
14,1,0.882887232046035
18,0,0.4291894814118804
30,1,0.8068969411019691
31,1,0.42530219748757786
37,0,0.824289910774938
8,1,0.80435870872936
9,0,0.8773046093209762
26,1,0.8382634694427463
33,1,0.7604037264271848
47,0,0.8057287248230304
1,1,0.7342145963514971
25,0,0.7281247193522346
35,1,0.887605194537498
43,1,0.6317547292330324
44,0,0.4805894549231133
6,1,0.6988172592950742
21,1,0.5871790131010545
24,1,0.696422627725315
27,0,0.592910030353394
48,0,0.5
16,1,0.4556694699978338
19,0,0.7787871816218802
29,0,0.21602529905547205
38,1,0.85637587444391
45,1,0.9062712284026312
10,1,0.7956419048583688
13,1,0.7724123325385819
28,1,0.5138116667727523
34,1,0.5
41,0,0.4777280928237776
