,y_true,y_pred
0,0,0.2938279734484217
11,0,0.1401538266726557
12,1,0.8488326659183704
23,1,0.8802970628098773
40,1,0.4488442067876844
50,1,0.82487880967655
7,1,0.557044115870566
17,1,0.8881430546308509
20,0,0.5834477990276399
22,1,0.10009428378929319
36,0,0.4233317307596673
3,1,0.3890231837684986
5,0,0.08265811848311228
15,1,0.7435842923233189
32,1,0.8514593103201452
42,0,0.04628134957983095
2,1,0.9338709264274807
4,1,0.8842553713661966
39,1,0.7862942262418122
46,0,0.9299092541162689
49,0,0.8559417524741844
14,1,0.9564442399113973
18,0,0.056729904659613674
30,1,0.6357150735082894
31,1,0.7525358954237841
37,0,0.9564541307359725
8,1,0.9117461067210855
9,0,0.890151648147286
26,1,0.8938460135002849
33,1,0.8120353563741131
47,0,0.7750436684255233
1,1,0.6263422748145235
25,0,0.6474522809755419
35,1,0.6614897574935523
43,1,0.6135320013921491
44,0,0.5990081270806805
6,1,0.8838862751334816
21,1,0.8721255821749385
24,1,0.7721302692939362
27,0,0.35058590523278055
48,0,0.2658677319495725
16,1,0.6948619653401695
19,0,0.9153377582884297
29,0,0.3330450150018121
38,1,0.8914993694979318
45,1,0.8971829490592472
10,1,0.8676345566473714
13,1,0.9548644343766999
28,1,0.2965313819667724
34,1,0.6232501322617723
41,0,0.3743701723183824
