,y_true,y_pred
0,0,0.22816869821543315
11,0,0.28325441361802856
12,1,0.9279626728861068
23,1,0.34404973891164364
40,1,0.8696775527205639
50,1,0.9275248683986003
7,1,0.5581991341256659
17,1,0.7225076589262212
20,0,0.6342093739441489
22,1,0.686104405271855
36,0,0.3987019706406322
3,1,0.8076066153922149
5,0,0.4314674566051774
15,1,0.8988800409373668
32,1,0.82052214786578
42,0,0.18643677759998104
2,1,0.7719688265683147
4,1,0.6152029476905122
39,1,0.7724992047339373
46,0,0.6552992189654997
49,0,0.8182458734706187
14,1,0.8752206926236022
18,0,0.5
30,1,0.6816288347810934
31,1,0.740262664780694
37,0,0.6270557473622825
8,1,0.6481746159675348
9,0,0.9414090541542837
26,1,0.97191976910148
33,1,0.9239511691259045
47,0,0.446050049442012
1,1,0.8120066888385635
25,0,0.6530492370662372
35,1,0.90755807560575
43,1,0.6261099869763065
44,0,0.3158021550656675
6,1,0.7306024402474143
21,1,0.674220435637353
24,1,0.8125880133474742
27,0,0.7123867122830907
48,0,0.4069089369845854
16,1,0.4894454619434062
19,0,0.2565245005375138
29,0,0.16438910853787564
38,1,0.632650467656255
45,1,0.6819219251500895
10,1,0.21584752894803247
13,1,0.9215120813108817
28,1,0.38084213823602864
34,1,0.5173030168133155
41,0,0.09961255753951972
