,y_true,y_pred
1,1,0.8825537970764286
8,1,0.9174404049696194
14,0,0.40588768261763725
24,1,0.8607412263315884
34,1,0.8683352149409725
43,1,0.8868675344409896
52,1,0.352906280843696
80,1,0.8986232707880385
83,1,0.9279685546611853
91,0,0.6817807931264834
6,1,0.8652172197151732
9,1,0.9118534957788698
22,1,0.8340548784127317
41,1,0.7260134795684963
47,0,0.6631831824594874
50,1,0.8895618738936693
58,1,0.879713345833596
59,0,0.3637888076468589
71,1,0.8838980549806355
95,1,0.9152960187777108
2,1,0.835709297517312
4,1,0.9032825101875843
19,0,0.9484385196355621
30,1,0.9016854059668494
37,1,0.9323928437810552
44,1,0.8617576111316232
46,0,0.7699582591547097
82,1,0.9539097805345574
84,1,0.927626912271951
90,1,0.13961617650937286
0,1,0.4394325546409772
3,1,0.9036219273682241
5,1,0.9069904306294326
39,1,0.7832364391166337
60,1,0.9232977950322396
64,1,0.90344183399663
66,1,0.8932096990831815
79,1,0.8848100279847952
85,0,0.6016516735780449
88,0,0.7561181159368168
11,1,0.9215407801822662
13,1,0.8102788583842314
26,1,0.2623521495868189
31,1,0.9506901342181786
45,1,0.8670633175993132
53,1,0.814908423917372
62,0,0.6117783168122907
73,1,0.9159976848280681
78,1,0.5429738350624201
98,0,0.2595223931504344
16,1,0.8953317699084015
21,1,0.7952995516047845
25,1,0.8487984382311913
28,1,0.8206276767687471
40,1,0.917161265747668
48,0,0.6813754457268973
56,1,0.8802195145283778
63,1,0.8904399979402658
67,0,0.6616150687879392
68,1,0.8826238339412719
10,1,0.8822893660718985
20,1,0.9231329523737957
29,1,0.8588656215451135
35,1,0.9414323983571464
36,1,0.8634111345936698
61,0,0.7407332013143959
65,1,0.869649304435987
81,1,0.9465848274569271
96,1,0.487503515781836
99,0,0.8080072755984986
18,1,0.8982350771366272
27,1,0.91394763042917
32,1,0.9025476108633508
55,1,0.8920634541163545
70,1,0.840274657392516
72,0,0.8684134309921627
75,1,0.7428765995164354
76,1,0.3234795764469769
92,1,0.9284593254759341
97,0,0.8960078667461983
7,1,0.9392071333237003
12,1,0.9156472059933201
15,1,0.9020979269324492
23,1,0.914112967477055
38,1,0.7048611903405629
49,0,0.7883568879829933
51,1,0.913262231579349
77,1,0.872147311103264
86,0,0.655136175624168
94,1,0.9196914844348689
17,1,0.9252463907817328
33,1,0.8987685694519066
42,1,0.9315802726224596
54,1,0.7569720301895765
57,1,0.6660906155658173
69,1,0.6092716495809047
74,1,0.5983822019737993
87,1,0.9102460745851292
89,0,0.8674729110183049
93,0,0.9429965225239819
