,y_true,y_pred
11,1,0.6064289466898002
14,1,0.606666542231607
25,1,0.6066305074343263
33,1,0.6065543118752945
35,1,0.6067669817640716
50,0,0.6069626033904133
51,0,0.6067347313578462
58,0,0.606798065573178
81,0,0.6067012674068859
88,0,0.6065543118752945
13,1,0.6304633307951156
15,1,0.6347611682749078
20,1,0.6468941290488927
29,1,0.6469008009969329
45,1,0.634579673924202
76,0,0.6466953666729033
84,0,0.6459443001350713
85,0,0.6465105313821944
90,0,0.6027729894742572
0,1,0.302126951738811
10,1,0.7123488701732976
31,1,0.5
40,1,0.7123488701732976
47,1,0.6449910223406087
54,0,0.713942477833189
56,0,0.7142020327637637
70,0,0.713942490131374
74,0,0.16773743038292815
4,1,0.6246351070452768
9,1,0.60324797274579
19,1,0.4834321522864194
21,1,0.6259528644254403
42,1,0.2728837296079268
64,0,0.3227803155515606
65,0,0.29686865958865793
82,0,0.6254315831889093
83,0,0.26193074778225117
22,1,0.6640457612687857
34,1,0.2148622886699408
38,1,0.5438941146824641
41,1,0.47071132274699057
44,1,0.6656083789584435
57,0,0.6614381442327316
61,0,0.2279739628439873
80,0,0.665967871521542
87,0,0.6288342258900975
6,1,0.6438103340180059
7,1,0.6414984966608809
27,1,0.6403827246374245
30,1,0.6403736401876562
48,1,0.2516567287445607
53,0,0.26566158577464744
67,0,0.6453075564378405
68,0,0.6410878984217295
75,0,0.6436721335316241
2,1,0.6623048572422561
8,1,0.6679486696878834
23,1,0.6611855198002137
24,1,0.6627998042607512
28,1,0.6612545550670929
52,0,0.6786619306532281
73,0,0.6610699299576058
86,0,0.5167199108864405
89,0,0.6615481210622816
1,1,0.5487224276783238
12,1,0.5487224276783238
32,1,0.5487224276783238
37,1,0.5487224276783238
49,1,0.5487224276783238
59,0,0.5487224276783238
63,0,0.5487224276783238
71,0,0.5487224276783238
78,0,0.5487224276783238
16,1,0.6013499242061773
26,1,0.6013716591761653
36,1,0.6006599613552186
39,1,0.6015644015551382
46,1,0.588765602135979
62,0,0.5780737063056287
66,0,0.5
69,0,0.5938935865037834
79,0,0.4812570821534313
3,1,0.5
5,1,0.5
17,1,0.5
18,1,0.5
43,1,0.5
55,0,0.5
60,0,0.5
72,0,0.5
77,0,0.5
