,y_true,y_pred
0,0,0.0014686618471410806
11,0,0.000532381700013748
12,1,0.9863659902810067
23,1,0.9988491234557042
40,1,0.9908430323560025
50,1,0.9994703283624543
7,1,0.5345619031299571
17,1,0.9962683759592361
20,0,0.9999999250153221
22,1,0.2258497949781282
36,0,0.031607757614982225
3,1,0.9554608336394755
5,0,0.010029252725545092
15,1,0.9917510235925152
32,1,0.9797316292296401
42,0,0.0009205826715716776
2,1,0.8485842883427039
4,1,0.9127525575347143
39,1,0.9999985663029376
46,0,0.7080487196901117
49,0,0.47764775561291545
14,1,0.9999969302077226
18,0,0.12278370610301835
30,1,0.9027562562042677
31,1,0.657440614260456
37,0,0.999413216306808
8,1,0.9999579807868044
9,0,0.536226587219344
26,1,0.9913790340586225
33,1,0.9998872713913762
47,0,0.7811858442701805
1,1,0.9999727380750114
25,0,0.9738651569769541
35,1,0.9999975660216417
43,1,0.04245957348355085
44,0,0.003871254067082338
6,1,0.9999652454169982
21,1,0.999996937308649
24,1,0.9981853089877701
27,0,0.054374404988429104
48,0,0.21666933052199885
16,1,0.8333309170110402
19,0,0.8562950376735375
29,0,0.003417271619599112
38,1,0.999999688127474
45,1,0.9999999999499474
10,1,0.36226510639189097
13,1,0.9999658232492791
28,1,0.9976477156848151
34,1,0.8243386193080725
41,0,0.021227076344245657
