,y_true,y_pred
11,1,0.4831019294349302
14,1,0.6382005835461092
25,1,0.41278608753474305
33,1,0.6872444665460151
35,1,0.5458289672382166
50,0,0.5707932198544026
51,0,0.22235374214157655
58,0,0.5483155747607107
81,0,0.556297625879891
88,0,0.5831400918898618
13,1,0.5514580193099008
15,1,0.5456688230163912
20,1,0.5337337156563017
29,1,0.6813167870331284
45,1,0.5845559476420463
76,0,0.5857270678409265
84,0,0.5873327983259635
85,0,0.5189475887381372
90,0,0.6283858141749332
0,1,0.5375146687877863
10,1,0.5550488143610307
31,1,0.5571952150634798
40,1,0.5381305917035918
47,1,0.5469149512649567
54,0,0.5609259242270921
56,0,0.5634792745916299
70,0,0.5450545586411377
74,0,0.5453458231069304
4,1,0.581853724628705
9,1,0.4157054727692906
19,1,0.6607064149848408
21,1,0.6603635867979555
42,1,0.6451776245166374
64,0,0.1712062478936454
65,0,0.5793750021451451
82,0,0.695969604125532
83,0,0.2859542127926492
22,1,0.6215871871574242
34,1,0.4421689093460077
38,1,0.6515210078773049
41,1,0.6608382090152007
44,1,0.5785938109275751
57,0,0.48262804430616724
61,0,0.5857411832710682
80,0,0.4788791721921772
87,0,0.6460191185380627
6,1,0.40830675688916207
7,1,0.6086163162776304
27,1,0.6182253607196361
30,1,0.4597998654612781
48,1,0.6768179069912222
53,0,0.4865239529802998
67,0,0.6380997419291726
68,0,0.6355327293517528
75,0,0.6603862225452469
2,1,0.6212515388880826
8,1,0.6883500469602281
23,1,0.6081247497341151
24,1,0.5243525237704539
28,1,0.6124881758295587
52,0,0.5857135786834187
73,0,0.6124431431033881
86,0,0.48146060229766613
89,0,0.5372558690229903
1,1,0.4535611267052929
12,1,0.5404987462179087
32,1,0.5643620093905864
37,1,0.6280608114834505
49,1,0.4458822206448151
59,0,0.5
63,0,0.4090079027319234
71,0,0.47687525347788384
78,0,0.5306525966034353
16,1,0.6298849104251745
26,1,0.27146446529040275
36,1,0.10749070740129191
39,1,0.9233342551681034
46,1,0.647938299842582
62,0,0.5691395226546296
66,0,0.87431501209277
69,0,0.6628371301394366
79,0,0.20077138160037214
3,1,0.48911989002599626
5,1,0.5534397146666769
17,1,0.5789515834498498
18,1,0.34488261895732036
43,1,0.737265318429967
55,0,0.24592225206393462
60,0,0.6736718001124566
72,0,0.1943943260252392
77,0,0.6447521845793112
