,y_true,y_pred
1,1,0.9892730015607922
8,1,0.9566749870393092
14,0,0.006944057179204205
24,1,0.9977524348861118
34,1,0.9997275659592979
43,1,0.9557434946825534
52,1,0.2753566834036866
80,1,0.9983929961711815
83,1,0.9875725418329763
91,0,0.0018804578165919226
6,1,0.9442172990564707
9,1,0.4263577603258945
22,1,0.3588839890170254
41,1,0.9913673595356554
47,0,0.6834209148542629
50,1,0.9981335898345035
58,1,0.9959182087933294
59,0,0.9888769263786176
71,1,0.9735496525189447
95,1,0.7687638888416404
2,1,0.9826991504139556
4,1,0.9374581502004247
19,0,0.9650518355256092
30,1,0.9521834050987118
37,1,0.9907119330532028
44,1,0.9098611666427247
46,0,0.9401488191734986
82,1,0.9976990956279417
84,1,0.9339140839719823
90,1,0.31154128516414625
0,1,0.9852531919696886
3,1,0.5457955633219899
5,1,0.960591596923691
39,1,0.9731393214265822
60,1,0.9870973756382877
64,1,0.9432638249883385
66,1,0.7222933747164023
79,1,0.9417221614023686
85,0,0.8304073119346822
88,0,0.18756590031361378
11,1,0.9995010527849881
13,1,0.6239768092491614
26,1,0.8942023773687774
31,1,0.9993266145314705
45,1,0.11438746100524776
53,1,0.999342212058468
62,0,0.9570995512689071
73,1,0.9993454325742821
78,1,0.6247962220387092
98,0,0.5744658177166468
16,1,0.857281803410212
21,1,0.9873015972844849
25,1,0.8005021738079149
28,1,0.9649138600269507
40,1,0.9544004948830923
48,0,0.7921445058619602
56,1,0.8904866858867576
63,1,0.9997765245336007
67,0,0.018018008425424097
68,1,0.9382554066746154
10,1,0.971700974857814
20,1,0.9919209302429846
29,1,0.9970287149839211
35,1,0.991275257124723
36,1,0.9896939045531428
61,0,0.9964677391905781
65,1,0.24284385630615432
81,1,0.9574680208450095
96,1,0.04096747429089904
99,0,0.9871187163050587
18,1,0.9965262240075323
27,1,0.8830352839514468
32,1,0.9959456839821517
55,1,0.9890776144475477
70,1,0.9984832173919295
72,0,0.8660778735349347
75,1,0.19924058080114576
76,1,0.9541313170849812
92,1,0.992617397314913
97,0,0.7566019003237406
7,1,0.08217353576006486
12,1,0.995491614183498
15,1,0.986182106785089
23,1,0.9982295695382446
38,1,0.926996874733316
49,0,0.8910988137085517
51,1,0.9996566615178187
77,1,0.5790399304336985
86,0,0.523331652251779
94,1,0.9461691642014347
17,1,0.9889081844176548
33,1,0.9989158503454406
42,1,0.9208684350892838
54,1,0.5416672991567484
57,1,0.8054328854599844
69,1,0.27839233433827726
74,1,0.7200122765380058
87,1,0.7190425993437056
89,0,0.9257652761876346
93,0,0.06730010705656594
