,y_true,y_pred
0,0,0.6114034968477124
11,0,0.61128460022834
12,1,0.6111443817249842
23,1,0.5989280776262195
40,1,0.6112854294732828
50,1,0.6014983447115975
7,1,0.573822672676548
17,1,0.6058691136542975
20,0,0.7325499660572056
22,1,0.742984174732144
36,0,0.5987644164120545
3,1,0.6184598493059167
5,0,0.6274212577881377
15,1,0.6596430349052426
32,1,0.6257277168022658
42,0,0.6451342764125098
2,1,0.6848466016952256
4,1,0.6662667457141834
39,1,0.6022896166074605
46,0,0.6861336746140251
49,0,0.6188209624671454
14,1,0.677149301221523
18,0,0.6201761473065995
30,1,0.7553204822932417
31,1,0.647301954603643
37,0,0.6583635922239129
8,1,0.635454082754375
9,0,0.632449309269749
26,1,0.6353155642862102
33,1,0.6319398591678745
47,0,0.6343724354777752
1,1,0.6816254221069749
25,0,0.6834964369950388
35,1,0.642612604067654
43,1,0.5488470064518454
44,0,0.671955437134774
6,1,0.6430847350434985
21,1,0.6052442346568976
24,1,0.6163085107258696
27,0,0.6245750851692727
48,0,0.6312233915291577
16,1,0.6283332612766293
19,0,0.7064317571740568
29,0,0.6240288182731217
38,1,0.6369727189080845
45,1,0.6116497002623688
10,1,0.18557868949406792
13,1,0.5666567542529204
28,1,0.5864601445701438
34,1,0.5876197367351329
41,0,0.5528955769944843
