,y_true,y_pred
11,1,0.39574379517611336
14,1,0.6055721771237199
25,1,0.4598430612307596
33,1,0.4516322317668001
35,1,0.6407129982252792
50,0,0.5976097434709798
51,0,0.21449297831218092
58,0,0.5844681422092091
81,0,0.34843001358262987
88,0,0.4840676482407345
13,1,0.6414666003268775
15,1,0.5179909037810141
20,1,0.5270144797373456
29,1,0.6592140866141033
45,1,0.45161980258292456
76,0,0.4779506730800663
84,0,0.5595144249089163
85,0,0.5317454564821025
90,0,0.52534017237473
0,1,0.5686509130448913
10,1,0.5438141676563263
31,1,0.4406675082047094
40,1,0.5323720273567771
47,1,0.4790709676137045
54,0,0.6653050794854118
56,0,0.6772333792051791
70,0,0.6729100664195011
74,0,0.34441818662889717
4,1,0.5
9,1,0.5
19,1,0.4939459910301459
21,1,0.5
42,1,0.5
64,0,0.5
65,0,0.5
82,0,0.5
83,0,0.5051491861130476
22,1,0.7081367369096144
34,1,0.3281289975772653
38,1,0.5093906778032911
41,1,0.39477279350937133
44,1,0.5
57,0,0.48494742382412487
61,0,0.559984303638792
80,0,0.42900586870068724
87,0,0.6276374217874633
6,1,0.5552525610565848
7,1,0.5564425551442324
27,1,0.5563530160600534
30,1,0.555889335819938
48,1,0.5508390197164538
53,0,0.5439003509858131
67,0,0.5495722733433956
68,0,0.5515603138091618
75,0,0.5526186679877935
2,1,0.6388709198396907
8,1,0.6579678109860266
23,1,0.6775585737987162
24,1,0.6671553415666855
28,1,0.4030138990336713
52,0,0.44448413100207557
73,0,0.6304881103991199
86,0,0.4110796408600452
89,0,0.6125580912808978
1,1,0.5
12,1,0.4946993282968612
32,1,0.4937101702696529
37,1,0.4870937930045262
49,1,0.49237074063053266
59,0,0.5
63,0,0.5
71,0,0.5
78,0,0.5
16,1,0.5
26,1,0.4828734325177426
36,1,0.4913226994555858
39,1,0.4857066638494622
46,1,0.5071049424510804
62,0,0.5096597919030161
66,0,0.5
69,0,0.5
79,0,0.5134215213247667
3,1,0.5
5,1,0.5
17,1,0.4935048604695743
18,1,0.4852415046581271
43,1,0.4839673294175268
55,0,0.5
60,0,0.4941575615554694
72,0,0.5
77,0,0.4907805497214676
