,y_true,y_pred
0,0,0.6230405825567256
11,0,0.6256722746252774
12,1,0.6132162890848714
23,1,0.59834096139619
40,1,0.6114316997942821
50,1,0.602946675104181
7,1,0.41794424645111
17,1,0.5060894039630165
20,0,0.4168111703363967
22,1,0.44280104104415796
36,0,0.4666638039246225
3,1,0.676159624339224
5,0,0.6046327059011007
15,1,0.6313763544881867
32,1,0.7013912999211185
42,0,0.5819420277202336
2,1,0.6762068151940844
4,1,0.6903318916228536
39,1,0.6118332926953366
46,0,0.6063780961801012
49,0,0.6003301443697892
14,1,0.7833183960807572
18,0,0.49084971177463016
30,1,0.5991797700220814
31,1,0.3609672712942463
37,0,0.5340573977095628
8,1,0.5321284058431166
9,0,0.6740169839439099
26,1,0.7276622960349947
33,1,0.6137119828114933
47,0,0.660660877312331
1,1,0.6478687137130562
25,0,0.6276658306398096
35,1,0.6365461362674029
43,1,0.6367621441557306
44,0,0.6273451220724259
6,1,0.606478853274942
21,1,0.6106880089629914
24,1,0.6309857250329302
27,0,0.6288756688743242
48,0,0.6309529898925305
16,1,0.6404940819784775
19,0,0.623803747695464
29,0,0.6428680020542207
38,1,0.6075404733574018
45,1,0.6079665723625954
10,1,0.6193140881916352
13,1,0.6222147555558035
28,1,0.5883371664755007
34,1,0.589695009597621
41,0,0.5972539032687795
