,y_true,y_pred
0,0,0.0005017624905362926
11,0,5.315782861824111e-07
12,1,0.03176066694894635
23,1,0.9999994725924316
40,1,0.999999917921912
50,1,0.9999999999976159
7,1,0.8729790356261469
17,1,0.9896713395438606
20,0,0.0001530744511033456
22,1,0.0002522289981134028
36,0,0.06709103457133928
3,1,0.6415386658578287
5,0,0.003949983431250451
15,1,0.9952272357206798
32,1,0.028719027815152863
42,0,0.006472039309646608
2,1,0.9998623840990681
4,1,0.9961604730101711
39,1,0.9999382182257721
46,0,0.12790461677099238
49,0,0.040986535662547355
14,1,0.9999999970295188
18,0,0.018634204752940003
30,1,0.829203150792014
31,1,0.24103952427684566
37,0,0.9952130960755181
8,1,0.0004263855769244703
9,0,0.9438629590705212
26,1,0.9999999970265137
33,1,0.9836591589769771
47,0,0.9986721470008909
1,1,0.999998495976261
25,0,0.9999634169871713
35,1,0.9999989874248144
43,1,0.06391473819649032
44,0,0.001850288165590997
6,1,0.9996056469167726
21,1,0.9999384073003224
24,1,0.9992796219004408
27,0,0.005639409918981081
48,0,0.0068926808050640154
16,1,0.9900036498459669
19,0,0.9999999999996236
29,0,3.1446776795351435e-05
38,1,0.9999999999999998
45,1,1.0
10,1,0.9999999975051221
13,1,0.9999999976931897
28,1,0.9547687764129312
34,1,0.016984510876698864
41,0,0.010592184816533014
