,y_true,y_pred
11,1,0.4697370280736974
14,1,0.5961154643595826
25,1,0.5341076874906933
33,1,0.6615554176464474
35,1,0.46790773821509524
50,0,0.5383979560476458
51,0,0.45365945165564947
58,0,0.48172904496179164
81,0,0.4502782616950236
88,0,0.5933181050514166
13,1,0.537634347204954
15,1,0.537634347204954
20,1,0.537634347204954
29,1,0.537634347204954
45,1,0.537634347204954
76,0,0.537634347204954
84,0,0.537634347204954
85,0,0.537634347204954
90,0,0.537634347204954
0,1,0.5064102040146861
10,1,0.502358976870795
31,1,0.5062736565191703
40,1,0.5713774908309364
47,1,0.5064102040146861
54,0,0.5064102040146861
56,0,0.5063646882880983
70,0,0.5790066425654911
74,0,0.5064102040146861
4,1,0.5429836125314351
9,1,0.5429836125314351
19,1,0.5429836125314351
21,1,0.5429836125314351
42,1,0.5429836125314351
64,0,0.5429836125314351
65,0,0.5429836125314351
82,0,0.5429836125314351
83,0,0.5429836125314351
22,1,0.6589554593395541
34,1,0.2683817706598916
38,1,0.6298102401618425
41,1,0.35593986786947734
44,1,0.5791504273230301
57,0,0.6303943711621931
61,0,0.3630781592390105
80,0,0.6087664365089888
87,0,0.5460427715275948
6,1,0.537634347204954
7,1,0.537634347204954
27,1,0.537634347204954
30,1,0.537634347204954
48,1,0.537634347204954
53,0,0.537634347204954
67,0,0.537634347204954
68,0,0.537634347204954
75,0,0.537634347204954
2,1,0.5661714194554887
8,1,0.566596595362679
23,1,0.5165758130989428
24,1,0.5663676666322067
28,1,0.5598734794012161
52,0,0.5604167499676844
73,0,0.5170402448344938
86,0,0.5582564963963639
89,0,0.5646414519974576
1,1,0.6505176259007762
12,1,0.4582187823276368
32,1,0.5454589179756091
37,1,0.5067396663626698
49,1,0.6323498564640094
59,0,0.6113082752127602
63,0,0.4810045723515009
71,0,0.5343829619054776
78,0,0.3813249053181169
16,1,0.4759968050716065
26,1,0.5602803960621152
36,1,0.5941354134208322
39,1,0.6603809974769654
46,1,0.46141114477123385
62,0,0.4777403030390954
66,0,0.48593038288046947
69,0,0.48976499333158585
79,0,0.45795492293554907
3,1,0.54615700087699
5,1,0.6084888076320653
17,1,0.39742841440108256
18,1,0.5601959683685247
43,1,0.6414773349699895
55,0,0.5735608802913308
60,0,0.47344953590482064
72,0,0.46798358809191404
77,0,0.41972681966651326
