,y_true,y_pred
1,1,0.9758584922431512
8,1,0.9903955217439413
14,0,0.9999999999948146
24,1,0.9999777484607116
34,1,0.06730978472255048
43,1,0.5081504610857299
52,1,0.08143184442624238
80,1,0.9996527802430974
83,1,0.9999046666450413
91,0,0.8019079150379366
6,1,0.8681132597835777
9,1,0.9999899133265479
22,1,0.9976503187393302
41,1,0.8297521187810905
47,0,0.762617568775321
50,1,0.9989121067413801
58,1,0.48470311982376274
59,0,0.7928505420448895
71,1,0.8359501874476566
95,1,0.957814306664516
2,1,0.9999999782153166
4,1,0.9999997140090494
19,0,0.9431191010528877
30,1,0.9819537737688506
37,1,0.9991092527251664
44,1,0.4415580666615388
46,0,0.573671843249791
82,1,0.9999624844557646
84,1,0.31231791626790467
90,1,0.6668140747835094
0,1,0.5840617026084376
3,1,0.9999858585131016
5,1,0.999999256566541
39,1,0.9914042138638774
60,1,0.9751065258629452
64,1,0.9999982366936297
66,1,0.999929013186592
79,1,0.999995870241805
85,0,0.8718981407134166
88,0,0.9996537712279675
11,1,0.9676324152688737
13,1,0.9999999993520439
26,1,0.4410057187842991
31,1,0.8366693954410755
45,1,0.49540815991996107
53,1,0.9985253457495695
62,0,0.2988314781633453
73,1,0.996268722284558
78,1,0.9959855464390144
98,0,0.6116414134578555
16,1,0.9999999999989491
21,1,0.999999999999899
25,1,0.6032488015176084
28,1,0.9999331986333665
40,1,0.9999939181137341
48,0,0.9560997288579093
56,1,0.3925589089927775
63,1,0.4888486486820891
67,0,0.7463174860262481
68,1,0.9991389099204719
10,1,0.2619048840847058
20,1,0.9922833709522263
29,1,0.996811617712508
35,1,0.636296583215055
36,1,0.28904715384148344
61,0,0.6617718130864354
65,1,0.5793742852180006
81,1,0.9990631544587195
96,1,0.14162326848997728
99,0,0.6032555270410844
18,1,0.9975917674944815
27,1,0.9999999996804827
32,1,0.9816865774221462
55,1,0.3322755640408751
70,1,0.9996048648767794
72,0,0.9999937458232981
75,1,0.7043504647165583
76,1,0.9999736301684329
92,1,0.9999682790408536
97,0,0.9999999998996993
7,1,0.9997737495555412
12,1,0.9999305666035487
15,1,0.9994128408605658
23,1,0.990622214366621
38,1,0.9999892647361288
49,0,0.8612063347812097
51,1,0.7599204342261877
77,1,0.9932115646678298
86,0,0.4785095071821812
94,1,0.9622432708360594
17,1,0.6403477823008771
33,1,0.9316555262534678
42,1,0.9961571688999236
54,1,0.697542653643347
57,1,0.9670921940235143
69,1,0.99952262162156
74,1,0.18040965200926903
87,1,0.9298020958794339
89,0,0.8755742333778336
93,0,0.8057889411025675
