,y_true,y_pred
0,0,0.6622385588845799
11,0,0.31458350532951973
12,1,0.6568819600025427
23,1,0.9999999844799929
40,1,0.8935822226924701
50,1,1.0
7,1,0.887756160509673
17,1,0.9724510849152926
20,0,0.6922244044340456
22,1,6.943112345601111e-05
36,0,0.2651166530602664
3,1,0.98735168968199
5,0,0.3719475849954944
15,1,0.8651888909392486
32,1,0.9989267067470886
42,0,0.6412616552132829
2,1,1.0
4,1,0.9999999999914446
39,1,0.9998015498956582
46,0,0.9683086605246773
49,0,0.5977491210627744
14,1,1.0
18,0,0.8278487009119633
30,1,0.8851326733831062
31,1,0.9372645455609621
37,0,0.9828165640996291
8,1,0.41544048773215775
9,0,0.9997815884804098
26,1,0.9999993772895771
33,1,0.9739298909821525
47,0,0.9552470730255922
1,1,0.9850800787481399
25,0,0.9879140875524778
35,1,0.9890545311024082
43,1,0.058233513958749546
44,0,0.6655389570575849
6,1,0.9962866017804367
21,1,0.9997504190822926
24,1,0.5698560016047883
27,0,0.4484983392340325
48,0,0.17496977087403676
16,1,0.47759095014916914
19,0,0.9930738899138445
29,0,0.7652730303327601
38,1,0.5969792867256369
45,1,0.9828368013073496
10,1,1.0
13,1,1.0
28,1,0.7488907392460512
34,1,0.14941742084884033
41,0,0.2700476480971052
