,y_true,y_pred
0,0,0.5370397112022354
11,0,0.5196386159380655
12,1,0.5189092927247637
23,1,0.7437987075592706
40,1,0.709217836828586
50,1,0.7304388724787815
7,1,0.5252149370861137
17,1,0.4630881791336633
20,0,0.5368582310866112
22,1,0.5640520120727431
36,0,0.5228623344345559
3,1,0.7303660343256598
5,0,0.56767479073486
15,1,0.6734292354045878
32,1,0.6174389314048384
42,0,0.4893966853708493
2,1,0.7566634659853962
4,1,0.7694864429199801
39,1,0.7127284621196001
46,0,0.46567799889886297
49,0,0.5264816368449493
14,1,0.6612341146130067
18,0,0.5682628463470317
30,1,0.6032120540627494
31,1,0.5715111221948118
37,0,0.5775425203316169
8,1,0.40171390284672687
9,0,0.8016513033236523
26,1,0.9187396096051169
33,1,0.7823084224060329
47,0,0.8318055817990503
1,1,0.7390077491009981
25,0,0.6722404826384251
35,1,0.690509182692243
43,1,0.5126183055736337
44,0,0.5488628682313054
6,1,0.6992332794179963
21,1,0.6654009535781054
24,1,0.5922160780150368
27,0,0.6023021509716473
48,0,0.5402593474312638
16,1,0.347106013962402
19,0,0.9295024295661954
29,0,0.6546633053622565
38,1,0.882318923946686
45,1,0.8386261586246974
10,1,0.7243148274826994
13,1,0.7001947691891113
28,1,0.566757147505761
34,1,0.42854853444224145
41,0,0.47847825882324524
