,y_true,y_pred
0,0,0.11034585616629541
11,0,0.004561352534234503
12,1,0.4574043434137648
23,1,0.9247319729354229
40,1,0.8824035455185215
50,1,0.9990201376964564
7,1,0.8018822483635423
17,1,0.4191842604655946
20,0,0.998442152097989
22,1,0.7138450253662293
36,0,0.3683608245576291
3,1,0.6995677300046118
5,0,0.390411699360868
15,1,0.8157188421827798
32,1,0.7905294320550634
42,0,0.10653172879375879
2,1,0.9229628737886445
4,1,0.9888052928362067
39,1,0.9557363296050565
46,0,0.2018847478523181
49,0,0.3119506054005785
14,1,0.999841215901267
18,0,0.048972992873699356
30,1,0.7327071426985763
31,1,0.09539454893355681
37,0,0.968433590507783
8,1,0.9831809281649978
9,0,0.767046973586075
26,1,0.9919808978119374
33,1,0.7482339694504535
47,0,0.9859896851107746
1,1,0.9987780598140683
25,0,0.9637703236683435
35,1,0.9983266660705107
43,1,0.12575641487129866
44,0,0.05683457821971513
6,1,0.9304898469814458
21,1,0.9789759343293153
24,1,0.8792490854561765
27,0,0.14420183173654416
48,0,0.568493619699161
16,1,0.18784615788870646
19,0,0.06260955891636603
29,0,0.2241096075452009
38,1,0.9990183207656275
45,1,0.9999865207028972
10,1,0.9709411177457364
13,1,0.9993872925587824
28,1,0.09218707803774745
34,1,0.07065697827088722
41,0,0.37333054509236674
