,y_true,y_pred
1,1,0.9923235164881301
8,1,0.7341785713944617
14,0,1.7804785758018352e-09
24,1,0.9999999723761049
34,1,0.999924491074329
43,1,0.012823992263552698
52,1,0.9999999522264077
80,1,0.9927663894464771
83,1,0.2015371324922165
91,0,0.814595576065224
6,1,0.9999999533866515
9,1,0.516115413448524
22,1,0.9991864309121082
41,1,0.7182953549717513
47,0,0.46272599785836316
50,1,0.9999897306438676
58,1,0.9993190563472886
59,0,0.9999982186579037
71,1,0.9965840599964702
95,1,0.9999999699274922
2,1,0.5698879194427039
4,1,0.8987453940227845
19,0,0.9988321914530572
30,1,0.8261596762404717
37,1,0.2010224433879099
44,1,0.9943887248126303
46,0,0.9879771075858296
82,1,0.9999999998962414
84,1,0.9996818392023582
90,1,0.9999911631263977
0,1,0.9999999271320534
3,1,0.9994346440236479
5,1,0.855641621730875
39,1,0.9963715017495313
60,1,0.9999594266730053
64,1,0.9999997749223044
66,1,0.9999998483345459
79,1,0.9999985870221407
85,0,0.904554994152697
88,0,0.9999001020366807
11,1,0.9999594107870983
13,1,0.7474477264778193
26,1,0.9990901894277381
31,1,0.9999999920628203
45,1,0.9999991062962794
53,1,0.9968709449735264
62,0,0.9978460066708923
73,1,0.9999999999413682
78,1,0.9999997841570458
98,0,8.778351688675396e-05
16,1,0.9563186749549493
21,1,0.9242322429700853
25,1,0.9998728830794235
28,1,0.8047187284208783
40,1,0.9999999985654542
48,0,0.23547849305683716
56,1,0.9938194227416942
63,1,0.9999936460488025
67,0,0.99997796107088
68,1,0.9999999999929323
10,1,0.979597301571111
20,1,0.5425993192434789
29,1,0.9999999840484735
35,1,0.999575100433264
36,1,0.962736114967694
61,0,0.9991668577916345
65,1,0.37377050823401625
81,1,0.9999968770638675
96,1,0.7369017395318819
99,0,0.37637314121395476
18,1,0.14422661462928402
27,1,0.9999999997132323
32,1,0.9999999977616145
55,1,0.9999989497605931
70,1,0.999999994967385
72,0,0.24897828543796066
75,1,0.9653583117903096
76,1,0.9999999986423553
92,1,0.9999999904690943
97,0,0.9999999986919987
7,1,0.16441576028337507
12,1,0.999863587503853
15,1,0.9949490702410244
23,1,0.9999999911393976
38,1,0.9569892844450264
49,0,0.014262684965040058
51,1,0.9999920530688683
77,1,0.9111776365228078
86,0,0.998059612687633
94,1,0.9999620677452294
17,1,0.9999999737224361
33,1,0.4987346698800671
42,1,0.02194210185376677
54,1,0.9997998034419604
57,1,0.9999966427278838
69,1,0.9202417305624119
74,1,0.9168576060881184
87,1,0.9999792536524308
89,0,0.9999656326774691
93,0,0.8481259634704145
