,y_true,y_pred
0,0,0.0029108990428059122
11,0,0.0002769962051529694
12,1,0.9934594427668606
23,1,0.9835022317990424
40,1,0.7165676567803002
50,1,0.9906907314119567
7,1,0.08057326698514677
17,1,0.9951811241274685
20,0,0.9151098949521633
22,1,0.019829275142679462
36,0,0.018791137442587896
3,1,0.7684462081352676
5,0,0.0803855576317948
15,1,0.958680984587025
32,1,0.868389037375474
42,0,0.0033366491017170824
2,1,0.9992628717768888
4,1,0.9999144113823613
39,1,0.9771614748253253
46,0,0.21421518767148126
49,0,0.09598530280015011
14,1,0.9999504300812386
18,0,0.0010356511822639945
30,1,0.9621220841859606
31,1,0.11450336039965504
37,0,0.9608601327619746
8,1,0.9995087371826958
9,0,0.8765167850521516
26,1,0.9994552258023295
33,1,0.9973990523530575
47,0,0.8307415421482705
1,1,0.9997063523598863
25,0,0.8575308271296098
35,1,0.9991805149550159
43,1,0.8081357375006316
44,0,0.002993442230657154
6,1,0.999673920767613
21,1,0.9993663086562231
24,1,0.9986159977326179
27,0,0.05654693551982091
48,0,0.046564312348241356
16,1,0.8800653230463705
19,0,0.5111840579804093
29,0,0.012800046330383657
38,1,0.9999523952082673
45,1,0.9999998856637433
10,1,0.8629044902976154
13,1,0.9970791043723785
28,1,0.1389309081063751
34,1,0.5673925307665861
41,0,0.006126314927300005
