,y_true,y_pred
1,1,0.78590582706257
8,1,0.8007241453072595
14,0,0.8011263426722193
24,1,0.8051665802439124
34,1,0.8018421983058498
43,1,0.8024691321019476
52,1,0.7651625272246816
80,1,0.8029786729909623
83,1,0.8088000587808427
91,0,0.803878731393452
6,1,0.7771001261443128
9,1,0.7051985157002215
22,1,0.8569145490551748
41,1,0.8093623666031912
47,0,0.623197287294819
50,1,0.8599272634205413
58,1,0.8495011641366803
59,0,0.8227677992547482
71,1,0.835044597123215
95,1,0.8606341460492034
2,1,0.7912638826264206
4,1,0.7862993931825345
19,0,0.7939897562666751
30,1,0.7939413982459479
37,1,0.7938616486400032
44,1,0.7872176529824061
46,0,0.8472379114934433
82,1,0.792589392878892
84,1,0.7914955825817362
90,1,0.7920778435867893
0,1,0.8407752939197393
3,1,0.8228837824061589
5,1,0.8431310735410206
39,1,0.5215340769433594
60,1,0.8334501886178418
64,1,0.8348547697331123
66,1,0.5685001308260257
79,1,0.8409442214179742
85,0,0.7953348995812108
88,0,0.6523116409015006
11,1,0.27969035257303426
13,1,0.814813654953743
26,1,0.8144379014133943
31,1,0.8150418383172693
45,1,0.27263340738166386
53,1,0.8148227320972039
62,0,0.8180822478779993
73,1,0.8192976079027106
78,1,0.2780305670854436
98,0,0.8147676456640371
16,1,0.8002408711697825
21,1,0.7990456105409096
25,1,0.8008315440153236
28,1,0.8028881129261446
40,1,0.8009923721979056
48,0,0.8016825138160008
56,1,0.8027688649816053
63,1,0.7972335259484372
67,0,0.7883544712029397
68,1,0.8040526056957784
10,1,0.8016525409858298
20,1,0.5391946788312334
29,1,0.8055733229514972
35,1,0.8069688518896933
36,1,0.6899699505058594
61,0,0.8123705812713146
65,1,0.8071087376646737
81,1,0.8184960399701707
96,1,0.8071160297693333
99,0,0.8098890287148501
18,1,0.9665777170428431
27,1,0.9714328103054839
32,1,0.9659462799065155
55,1,0.8563877329426621
70,1,0.9749333689378644
72,0,0.9790408326461112
75,1,0.9999999445243329
76,1,0.9999999445243296
92,1,0.9499342030216367
97,0,0.9560734530346198
7,1,0.7967119609449266
12,1,0.7956918359637333
15,1,0.7966701458837048
23,1,0.7963354658830947
38,1,0.7967399363812296
49,0,0.7967119609449266
51,1,0.7966157611505145
77,1,0.7967076637311076
86,0,0.7967376629831212
94,1,0.7966781046605808
17,1,0.8173528130399084
33,1,0.7589025482122533
42,1,0.5839781779230946
54,1,0.4526291311792133
57,1,0.8140490021086361
69,1,0.3067191777449192
74,1,0.8199527126497375
87,1,0.779646062469111
89,0,0.7615425994087643
93,0,0.815676432888676
