,y_true,y_pred
1,1,0.855960758500777
8,1,0.8680598083053811
14,0,0.15625471892264306
24,1,0.8734332828625623
34,1,0.8840445669350488
43,1,0.6040453169043745
52,1,0.8513126879218296
80,1,0.8766465693933156
83,1,0.8516087696326765
91,0,0.10569018897126857
6,1,0.864137293956678
9,1,0.9004704036493935
22,1,0.9233672823569967
41,1,0.8518352054700554
47,0,0.5969188395529886
50,1,0.872541690693764
58,1,0.8665101258015692
59,0,0.8529719548762554
71,1,0.8703114113362034
95,1,0.8995347106355394
2,1,0.7452676639865525
4,1,0.668585454224902
19,0,0.8753245662328942
30,1,0.8746759840282241
37,1,0.8660668955086741
44,1,0.8790352486404454
46,0,0.750058209085687
82,1,0.8733543219343151
84,1,0.8642086170229032
90,1,0.8688807601497022
0,1,0.8797327315590914
3,1,0.8561268456624961
5,1,0.7814590705912188
39,1,0.8049633000830161
60,1,0.8778224806777001
64,1,0.8771241505223555
66,1,0.8715560142573615
79,1,0.887440203831817
85,0,0.888019656191493
88,0,0.7655501394022632
11,1,0.883471260633332
13,1,0.7465443809460642
26,1,0.8725787040424562
31,1,0.9020942926104231
45,1,0.6258527506509843
53,1,0.905504977732352
62,0,0.8696061722552094
73,1,0.8642929958920113
78,1,0.014053223777755723
98,0,0.3602046628187004
16,1,0.8549168099153642
21,1,0.8700776650595905
25,1,0.8477832521437549
28,1,0.8492501567446162
40,1,0.8439306957093424
48,0,0.10509077553649616
56,1,0.8332050874573661
63,1,0.8548875865041845
67,0,0.4512340447330606
68,1,0.8491436399989462
10,1,0.8579142772113579
20,1,0.8531099836361311
29,1,0.8644090747768204
35,1,0.8610092227600579
36,1,0.8720555143732422
61,0,0.6159795245294414
65,1,0.7815325396851446
81,1,0.8264083143753878
96,1,0.7814409079606295
99,0,0.8691283422164227
18,1,0.8952580477177362
27,1,0.8331629442210137
32,1,0.8818714535596812
55,1,0.8769482585826233
70,1,0.8801218866980013
72,0,0.6882437685898527
75,1,0.34954252686283915
76,1,0.8666329008990535
92,1,0.8854600034341034
97,0,0.7131679264113115
7,1,0.8864395590243836
12,1,0.8496323824589266
15,1,0.8948152846230216
23,1,0.8489346102437002
38,1,0.867974180919504
49,0,0.09421143194131827
51,1,0.8652227311774476
77,1,0.8716323708155119
86,0,0.8566912076155577
94,1,0.876981537494188
17,1,0.8649179517450419
33,1,0.8606775268134
42,1,0.6505135390987392
54,1,0.7509808497608276
57,1,0.8453699259790391
69,1,0.7879206601701081
74,1,0.8665644739161299
87,1,0.812367032308499
89,0,0.7709593602684536
93,0,0.46037132194455554
