,y_true,y_pred
1,1,0.9580160178051736
8,1,0.8552950987089855
14,0,0.09388341785334957
24,1,0.9332472106094307
34,1,0.8600477705081474
43,1,0.5478064471361195
52,1,0.8299918954975732
80,1,0.9731933974498909
83,1,0.9722278191713594
91,0,0.09836448736813602
6,1,0.95445551094971
9,1,0.8152556464648282
22,1,0.9016987863993646
41,1,0.8759721747414286
47,0,0.4268509271753157
50,1,0.9837904280479577
58,1,0.9904822107552841
59,0,0.6350945694801657
71,1,0.9278677836903126
95,1,0.8888682701519962
2,1,0.8689885104289055
4,1,0.2813404429650607
19,0,0.924412814774446
30,1,0.636413774408601
37,1,0.9784628538898931
44,1,0.9588245623592423
46,0,0.6000689767454059
82,1,0.9873994290386583
84,1,0.9939149973316904
90,1,0.9760913439550747
0,1,0.9474787431620773
3,1,0.762895084561365
5,1,0.5988154239409997
39,1,0.6641469668716685
60,1,0.9932431779918588
64,1,0.8521546006845002
66,1,0.9827865707176437
79,1,0.9303963030040555
85,0,0.925777277505576
88,0,0.6794867043353229
11,1,0.997919203707595
13,1,0.7196271759550981
26,1,0.8012578860511195
31,1,0.9894460100406811
45,1,0.6383796382284519
53,1,0.9890441841276204
62,0,0.7375283019144638
73,1,0.9988283106314096
78,1,0.033565924712092764
98,0,0.4423743660237166
16,1,0.722388593686888
21,1,0.7858591302958324
25,1,0.8929917476041064
28,1,0.9574416988185129
40,1,0.9810072742952674
48,0,0.6555838938648129
56,1,0.9548432962484072
63,1,0.9819689948366956
67,0,0.6849030621122848
68,1,0.9720596316510028
10,1,0.9230926889735774
20,1,0.8794930489115707
29,1,0.9793921585039215
35,1,0.9673006282444546
36,1,0.9622368088558514
61,0,0.7833101593795508
65,1,0.7104444729047407
81,1,0.8409463178626096
96,1,0.799388901135919
99,0,0.9214824869311994
18,1,0.9154041634068433
27,1,0.7393697473303771
32,1,0.9700254893605204
55,1,0.9933421687446835
70,1,0.9769845556636515
72,0,0.8096124660543154
75,1,0.6437769587470903
76,1,0.9990647120419409
92,1,0.9575562032232633
97,0,0.8923253571767504
7,1,0.9227629520621166
12,1,0.958719779983206
15,1,0.9425086856442072
23,1,0.991355008049469
38,1,0.9124211796178452
49,0,0.29076918323915624
51,1,0.9956118187524304
77,1,0.9576874942468935
86,0,0.8727738716803091
94,1,0.9890626256774372
17,1,0.9865676271694334
33,1,0.8651274616715531
42,1,0.6219618885635639
54,1,0.40535312020558556
57,1,0.8370760303124843
69,1,0.7146215903663689
74,1,0.8206309614943298
87,1,0.7830655029156395
89,0,0.6511573940507708
93,0,0.6481123172502838
