,y_true,y_pred
11,1,0.4885993764896242
14,1,0.7875740295075775
25,1,0.7262043264096567
33,1,0.28750752835609444
35,1,0.6261072418038334
50,0,0.6626979970690713
51,0,0.554045458426234
58,0,0.725692170143079
81,0,0.565534383757025
88,0,0.3060769678714585
13,1,0.6414688503988211
15,1,0.5204608993726921
20,1,0.5257205013068834
29,1,0.6166230870986643
45,1,0.5190147075800912
76,0,0.5340407944188967
84,0,0.5764204601028827
85,0,0.5525739272960246
90,0,0.5090069590667795
0,1,0.45196148843046136
10,1,0.5401603085139283
31,1,0.5204404541350609
40,1,0.5673809423290049
47,1,0.43073021136457407
54,0,0.6889373038541468
56,0,0.7184066474112762
70,0,0.7347991921636541
74,0,0.2792225945066847
4,1,0.6966607709017167
9,1,0.6180060261559148
19,1,0.710400680516386
21,1,0.41241813530739707
42,1,0.4547277112381695
64,0,0.44177333938879215
65,0,0.3697594789578339
82,0,0.6365257609507349
83,0,0.3306054748084728
22,1,0.5
34,1,0.5654601619507958
38,1,0.5260793528159877
41,1,0.5638695152795626
44,1,0.5243765950147183
57,0,0.5406381727298265
61,0,0.523996867607015
80,0,0.5764823854740384
87,0,0.488691596790997
6,1,0.6764894826438483
7,1,0.727988875055587
27,1,0.784591379836933
30,1,0.6995130331927103
48,1,0.5
53,0,0.19997922699960857
67,0,0.6478243184662852
68,0,0.5701158389819323
75,0,0.5667916806127523
2,1,0.5937005020715401
8,1,0.5886499946909189
23,1,0.6149691526944974
24,1,0.6122847605951097
28,1,0.4737655405886249
52,0,0.45864170429485374
73,0,0.5701110401081615
86,0,0.492687751060453
89,0,0.604527654862291
1,1,0.39402818366951775
12,1,0.6450995637981771
32,1,0.5693261299690244
37,1,0.7646097709568561
49,1,0.6283942843617252
59,0,0.45541768698588575
63,0,0.27872953370624287
71,0,0.2847673728631355
78,0,0.33803726398777373
16,1,0.5610239400824291
26,1,0.7040067862666414
36,1,0.6312140160137107
39,1,0.6846831770313409
46,1,0.5466073908138446
62,0,0.43626976898486225
66,0,0.5069892900213514
69,0,0.5674732846710141
79,0,0.3988766150209778
3,1,0.3643811168638796
5,1,0.3096649144886247
17,1,0.5516850634375235
18,1,0.7289261975506303
43,1,0.8036704178211109
55,0,0.4541886775581086
60,0,0.4311729928073872
72,0,0.5092592928380896
77,0,0.5934130130220979
