,y_true,y_pred
0,0,0.6093371662756021
11,0,0.6093563765410439
12,1,0.6068276303941049
23,1,0.5799301119462897
40,1,0.6005565470022363
50,1,0.5821729599313865
7,1,0.6667721221118341
17,1,0.6253434910192562
20,0,0.6046388257243326
22,1,0.7650677738930938
36,0,0.6433109937665237
3,1,0.6045063366702526
5,0,0.6132109536003765
15,1,0.7284236385255822
32,1,0.6104980692946207
42,0,0.6640950541115046
2,1,0.5929235039111396
4,1,0.5889129566273791
39,1,0.5958310994254452
46,0,0.5930469274823754
49,0,0.5840017113132164
14,1,0.6475498745767467
18,0,0.6246404547534726
30,1,0.6746656062428286
31,1,0.6678347821906506
37,0,0.621269862477585
8,1,0.6508164329572275
9,0,0.6046230934365875
26,1,0.6484216457550166
33,1,0.6075618186324794
47,0,0.6310076424447073
1,1,0.6981320801422564
25,0,0.5577673508198826
35,1,0.534811421335669
43,1,0.5286258471900577
44,0,0.5291396524129703
6,1,0.5848252378633747
21,1,0.9034433949059142
24,1,0.6399443931428348
27,0,0.617958624374987
48,0,0.6036035949441311
16,1,0.5859332568613206
19,0,0.5854358342318174
29,0,0.5911293566468782
38,1,0.5840811290789026
45,1,0.5921311740923961
10,1,0.5291835315381501
13,1,0.5427474355897408
28,1,0.5290578309063482
34,1,0.5290507659651138
41,0,0.5154249361061698
