,y_true,y_pred
11,1,0.4846029336800741
14,1,0.5807431889596489
25,1,0.6394835662980279
33,1,0.6395581846364701
35,1,0.47160757695024064
50,0,0.6392073154051152
51,0,0.5531032306299714
58,0,0.5508154870570086
81,0,0.5990350637485884
88,0,0.5103492670774469
13,1,0.6060383686056336
15,1,0.60458733210135
20,1,0.5861335342007158
29,1,0.6084622906979634
45,1,0.5785082281178304
76,0,0.6228580397022795
84,0,0.6102798031892782
85,0,0.5750317223205659
90,0,0.4912572093450782
0,1,0.505710304449932
10,1,0.5883469722416069
31,1,0.5191216207276775
40,1,0.5541743616280879
47,1,0.6052616203117558
54,0,0.4315311223047755
56,0,0.5307225203319377
70,0,0.6370766514092174
74,0,0.5097530627446669
4,1,0.5459280469083041
9,1,0.5
19,1,0.5486323416987564
21,1,0.5546280266796639
42,1,0.5410434561169464
64,0,0.5551655842320885
65,0,0.5532949857196842
82,0,0.552558160667192
83,0,0.5563720611916714
22,1,0.5772260998888846
34,1,0.5145061240029233
38,1,0.5642486842403768
41,1,0.5276625743861189
44,1,0.5547824719721588
57,0,0.5816832757082964
61,0,0.5145396501278784
80,0,0.5793473999440341
87,0,0.562870583797725
6,1,0.5904424319494853
7,1,0.5930317700873519
27,1,0.5889476588696816
30,1,0.5954010449157981
48,1,0.28269716171137843
53,0,0.3004447567995444
67,0,0.5877796741009438
68,0,0.5833768321919789
75,0,0.5957043010411582
2,1,0.5551657859090272
8,1,0.5616467433292006
23,1,0.5428898217361683
24,1,0.5507237039186529
28,1,0.5072384287681824
52,0,0.5495879574508242
73,0,0.5474313394898443
86,0,0.5680397195105945
89,0,0.5263162568115239
1,1,0.2431124121928134
12,1,0.6239374866935542
32,1,0.6191856765706654
37,1,0.642683485970944
49,1,0.6322994440608428
59,0,0.5878281774332264
63,0,0.4106045821864942
71,0,0.6192368327551648
78,0,0.4105435977591493
16,1,0.5457598712573593
26,1,0.524450296978252
36,1,0.662368824298871
39,1,0.5399764713891845
46,1,0.5694550490175353
62,0,0.5690099435251884
66,0,0.5144950058335497
69,0,0.5453072703919944
79,0,0.5694363220963461
3,1,0.5087185468900385
5,1,0.5256288133487895
17,1,0.5167116673555139
18,1,0.5305780319349421
43,1,0.5
55,0,0.5271053601427268
60,0,0.6340960115847196
72,0,0.5359319717285584
77,0,0.58032211638208
