,y_true,y_pred
0,0,0.11391857738842098
11,0,0.12366367852383252
12,1,0.41971276463186685
23,1,0.7760872558346733
40,1,0.7438392346217623
50,1,0.8811291783704399
7,1,0.8409579595900442
17,1,0.6648458251322565
20,0,0.836838265151862
22,1,0.4461762014884784
36,0,0.2544211674178879
3,1,0.8303513283713683
5,0,0.09962887357124543
15,1,0.6599001626637504
32,1,0.28810705224076233
42,0,0.008504759450067009
2,1,0.7849201342947529
4,1,0.854908840338126
39,1,0.8568798127132728
46,0,0.45672275974035287
49,0,0.7476740136519934
14,1,0.8578796107429125
18,0,0.24102048531608816
30,1,0.49391328352742214
31,1,0.43818135128214974
37,0,0.7477096930479086
8,1,0.7884822925607193
9,0,0.22991948816302357
26,1,0.9100490256162841
33,1,0.8432046657962962
47,0,0.7775545395924899
1,1,0.7229413056993667
25,0,0.6627627479109007
35,1,0.7445757474334812
43,1,0.5757821886888059
44,0,0.50687849933018
6,1,0.8198409114579478
21,1,0.7439374137745782
24,1,0.6717800360868991
27,0,0.38098439009489926
48,0,0.43770909456022555
16,1,0.7035243051682214
19,0,0.6913436872493268
29,0,0.376440320597692
38,1,0.8429322908065789
45,1,0.7533163058825949
10,1,0.6155893540205631
13,1,0.8307569193957088
28,1,0.6758997503623198
34,1,0.5
41,0,0.37759238273121615
