,y_true,y_pred
0,0,0.05644090167975995
11,0,0.04185274636974875
12,1,0.8399511506840742
23,1,0.9168161001792471
40,1,0.8798695371295508
50,1,0.9551633574369657
7,1,0.4526947120111945
17,1,0.7648464875238143
20,0,0.7057630553700099
22,1,0.6298566669854649
36,0,0.36574154731071745
3,1,0.7515751814499926
5,0,0.3733111030725345
15,1,0.8724712188826352
32,1,0.75102388794327
42,0,0.10995840952785967
2,1,0.8327708635292345
4,1,0.8110266279367321
39,1,0.7404461261529919
46,0,0.5444946596634349
49,0,0.6324628628329889
14,1,0.905397885811341
18,0,0.44456777402522546
30,1,0.7106333816143866
31,1,0.4635787479446352
37,0,0.45535013967629906
8,1,0.801281024317171
9,0,0.6752099584280866
26,1,0.9843148377390265
33,1,0.8902301003219413
47,0,0.9278415332094971
1,1,0.8579337838297586
25,0,0.7812319263987675
35,1,0.9918168580208192
43,1,0.23071244572884814
44,0,0.05971489225509798
6,1,0.9031674151128201
21,1,0.6784199545188095
24,1,0.8652462681404296
27,0,0.34516638174995584
48,0,0.5370378171314796
16,1,0.7366751619191135
19,0,0.13294678987046737
29,0,0.14288179701106488
38,1,0.8852028016837636
45,1,0.8353573077227121
10,1,0.6815933905641705
13,1,0.9343993618672468
28,1,0.6458384616102846
34,1,0.38501165352146216
41,0,0.28093445685196056
