,y_true,y_pred
1,1,0.9508497704685787
8,1,0.7837354024718266
14,0,0.5391989990400206
24,1,0.8789677966130703
34,1,0.885170071276735
43,1,0.6091922138452666
52,1,0.7208927051973371
80,1,0.8872113768592237
83,1,0.9625577184951588
91,0,0.626914263049116
6,1,0.802710094470293
9,1,0.910891744808359
22,1,0.8499286891806085
41,1,0.7923514564692956
47,0,0.7594661616793634
50,1,0.8351979755659134
58,1,0.9005426831097728
59,0,0.9526378019052311
71,1,0.6956735692061514
95,1,0.7387197283015026
2,1,0.9548591560734885
4,1,0.8754934237677208
19,0,0.9401709637329994
30,1,0.4118973977145562
37,1,0.9936842985182817
44,1,0.7656789254837523
46,0,0.9073445395191753
82,1,0.9962507888267476
84,1,0.9643471403781998
90,1,0.9445720990904222
0,1,0.9457957694812231
3,1,0.5926689193645757
5,1,0.8721709187708102
39,1,0.7743484163155157
60,1,0.9467530873732333
64,1,0.772981384245188
66,1,0.8233775959935934
79,1,0.5519739710422927
85,0,0.9080278763049773
88,0,0.701169141882319
11,1,0.9579843622586449
13,1,0.21077535296120528
26,1,0.8559131146702498
31,1,0.9824754312231045
45,1,0.6248577356610484
53,1,0.9426410119198303
62,0,0.909835079305337
73,1,0.9189776378383443
78,1,0.5510807037497708
98,0,0.7781397948029029
16,1,0.882403100894381
21,1,0.8807031898757824
25,1,0.6213632909721564
28,1,0.7922909370830667
40,1,0.8002785926504256
48,0,0.8509524965182393
56,1,0.7957064174954087
63,1,0.9312191619989079
67,0,0.8301365291451474
68,1,0.8847084629056591
10,1,0.8739961211272479
20,1,0.9627214475191639
29,1,0.999985748774595
35,1,0.9633494771859612
36,1,0.9884638259203052
61,0,0.9819206731921457
65,1,0.9285453127664586
81,1,0.8965625106093745
96,1,0.9555949879080795
99,0,0.9867285883711809
18,1,0.9247527073970444
27,1,0.1239319659940183
32,1,0.9637151776720733
55,1,0.8509731354642234
70,1,0.9668817871581386
72,0,0.8250934056307062
75,1,0.3866013781978498
76,1,0.8247354485310975
92,1,0.9842116244436894
97,0,0.1769027890132503
7,1,0.6538937864650125
12,1,0.7531931690255453
15,1,0.9373618509452658
23,1,0.9129794074949263
38,1,0.8797604785259394
49,0,0.7945968519223483
51,1,0.747573011649519
77,1,0.7035736933915518
86,0,0.562890464092211
94,1,0.8278203666859449
17,1,0.9913180576027145
33,1,0.46210707072310064
42,1,0.4416928712955842
54,1,0.20322632992913675
57,1,0.9610230609603575
69,1,0.19339567493172852
74,1,0.8975883758535567
87,1,0.8807301799249108
89,0,0.8197675847965974
93,0,0.7064764422542847
