,y_true,y_pred
11,1,0.6386750264888573
14,1,0.580057627963343
25,1,0.5395873626572005
33,1,0.5270462489379899
35,1,0.6006821878733642
50,0,0.6523230344518084
51,0,0.3952967926176282
58,0,0.4630146548412309
81,0,0.5125569332890106
88,0,0.5271832596525752
13,1,0.44753676715200835
15,1,0.35666573400839624
20,1,0.696689381611753
29,1,0.6215465885625869
45,1,0.43754825583405005
76,0,0.345805072782482
84,0,0.6548274639686226
85,0,0.5807776132926606
90,0,0.28697474056631694
0,1,0.341892507402288
10,1,0.40711829183807435
31,1,0.6542223230094069
40,1,0.6484705610153211
47,1,0.621089252865579
54,0,0.5
56,0,0.42488304312829756
70,0,0.5059066825536589
74,0,0.4289936962650969
4,1,0.5738998792216053
9,1,0.6081937356567308
19,1,0.5986537875687845
21,1,0.5119734197293958
42,1,0.5591705435875117
64,0,0.6212384341707483
65,0,0.491261311063114
82,0,0.6588461703526138
83,0,0.39378362302241415
22,1,0.550630341467594
34,1,0.3544628080690926
38,1,0.32956342114524667
41,1,0.5153558199042949
44,1,0.6179825549954664
57,0,0.5208338891427057
61,0,0.5391466415579504
80,0,0.7258277579716204
87,0,0.6667351279261127
6,1,0.7115206398024639
7,1,0.8282845051880885
27,1,0.7943419431856213
30,1,0.5915919027956038
48,1,0.523756656636994
53,0,0.34138888486487867
67,0,0.3836174818226626
68,0,0.5708002734727269
75,0,0.648771466016417
2,1,0.5606820738585634
8,1,0.6527002910854366
23,1,0.6593032815885788
24,1,0.5999548952906837
28,1,0.34392795140177307
52,0,0.673721487533435
73,0,0.4841554350180011
86,0,0.37534383882192873
89,0,0.3428251325680158
1,1,0.5279477124448155
12,1,0.5629949727908289
32,1,0.5649479935723842
37,1,0.5752936984933064
49,1,0.5539913158939208
59,0,0.5312479053906841
63,0,0.5546677011062573
71,0,0.5131286368452693
78,0,0.5467314390943503
16,1,0.39479372342286545
26,1,0.8345079740255074
36,1,0.6624247167934003
39,1,0.764702342681613
46,1,0.4416036089468641
62,0,0.5304143841881175
66,0,0.5974736644980807
69,0,0.5900221012222665
79,0,0.7323643475085921
3,1,0.662815090948205
5,1,0.5562689371095257
17,1,0.5338845842643626
18,1,0.5495992669875156
43,1,0.5659508943442179
55,0,0.5404628257740662
60,0,0.4827295820902308
72,0,0.5339926593987678
77,0,0.5257886400430244
