,y_true,y_pred
11,1,0.6469726402498899
14,1,0.6498048241284331
25,1,0.6500634386988495
33,1,0.6493264534283143
35,1,0.6502928667229028
50,0,0.6501233035656474
51,0,0.6475218166836093
58,0,0.6345484609197816
81,0,0.6485488367724448
88,0,0.5181434022083147
13,1,0.6455349908482177
15,1,0.6446252164795785
20,1,0.6596364176144333
29,1,0.6635043728603272
45,1,0.6483315795706718
76,0,0.6631925523391967
84,0,0.6597024154294974
85,0,0.6612916319495463
90,0,0.6199841123649927
0,1,0.26428065882103824
10,1,0.7743137576962852
31,1,0.44990008307907253
40,1,0.7785624793422457
47,1,0.6132916403197316
54,0,0.7622977495684438
56,0,0.7656878649929284
70,0,0.7582375850217882
74,0,0.13434992603353996
4,1,0.6331092428954049
9,1,0.61611578201827
19,1,0.5233795414381041
21,1,0.6429832264060946
42,1,0.31043216769635185
64,0,0.21425426250963472
65,0,0.306222874404201
82,0,0.6434746977654558
83,0,0.2679686026868027
22,1,0.6963351269767402
34,1,0.2740208873109025
38,1,0.46549055209022694
41,1,0.36453906404586933
44,1,0.48971512639794196
57,0,0.6815500561184875
61,0,0.2926656127984667
80,0,0.6901877339120521
87,0,0.47318088280132203
6,1,0.6529414538336494
7,1,0.6154525505818849
27,1,0.6351130937068331
30,1,0.6378620578272963
48,1,0.24562538173396303
53,0,0.16326834185103772
67,0,0.6569544831423897
68,0,0.6544267854799728
75,0,0.6575136512794975
2,1,0.725482193797316
8,1,0.46828429632150087
23,1,0.7252810165654294
24,1,0.7369511323636047
28,1,0.33528676398600354
52,0,0.3119683341930439
73,0,0.7273244108903115
86,0,0.369970687266706
89,0,0.7346888074762126
1,1,0.5828850198239095
12,1,0.5834081098737702
32,1,0.5829301688052707
37,1,0.5830575196925166
49,1,0.58263682602671
59,0,0.582740794647128
63,0,0.021602829235855863
71,0,0.5829739365697273
78,0,0.01891816253282171
16,1,0.6218478501720147
26,1,0.6203732748452496
36,1,0.6199493273522303
39,1,0.6210415094836882
46,1,0.6101623816021781
62,0,0.6029656212994196
66,0,0.544653614743756
69,0,0.6152008626537983
79,0,0.22558214013784167
3,1,0.605671279901217
5,1,0.6272812142003039
17,1,0.6296234401870875
18,1,0.6281594270658097
43,1,0.6265549651231124
55,0,0.627560987801648
60,0,0.3362805337318167
72,0,0.6252972733289108
77,0,0.5773193578148481
