,y_true,y_pred
1,1,0.8426512700956503
8,1,0.8678335257119437
14,0,0.6714243111073371
24,1,0.8628757704932478
34,1,0.8120067506632673
43,1,0.9024631886610671
52,1,0.30593893068253425
80,1,0.8535468585323895
83,1,0.8410557000794933
91,0,0.6532731552130265
6,1,0.6341053829921863
9,1,0.8403749584917187
22,1,0.2730480341813897
41,1,0.8724815642309637
47,0,0.6852937248103138
50,1,0.9235655577232843
58,1,0.9181951932640926
59,0,0.9047468223652518
71,1,0.5
95,1,0.19627546702024204
2,1,0.8677507104290901
4,1,0.9266540134663099
19,0,0.9223805521154985
30,1,0.8414459833427973
37,1,0.9329116291910619
44,1,0.924417104407512
46,0,0.9180305184789627
82,1,0.9234027834350277
84,1,0.9312047720204011
90,1,0.7180076953337464
0,1,0.9262284395192234
3,1,0.34322837138466605
5,1,0.9232042251002658
39,1,0.6045687855309795
60,1,0.8763370299233052
64,1,0.8864567889700119
66,1,0.9263134505806078
79,1,0.6254186108179421
85,0,0.9243548753465441
88,0,0.5086485482033553
11,1,0.93430279839045
13,1,0.2720730583312378
26,1,0.7538949204149618
31,1,0.9324710447575848
45,1,0.7483788570833741
53,1,0.9588075119927448
62,0,0.8021332733275897
73,1,0.9360662338396071
78,1,0.67190743986259
98,0,0.7441850280310657
16,1,0.5970917544970699
21,1,0.4528618842460287
25,1,0.8939643407079279
28,1,0.8142716716867366
40,1,0.8667797528662088
48,0,0.6670013776107288
56,1,0.8916618829566947
63,1,0.9221248664079974
67,0,0.7898474145474461
68,1,0.7839602462431869
10,1,0.9605010471754483
20,1,0.9632400761888497
29,1,0.9522540774048502
35,1,0.9557426860112902
36,1,0.9384447309289061
61,0,0.9538021728359574
65,1,0.6142164451446628
81,1,0.8581576248531708
96,1,0.8744381084996004
99,0,0.9504076134594779
18,1,0.9892197859343885
27,1,0.9900971149338874
32,1,0.9851163420449466
55,1,0.9771995773172301
70,1,0.9514709092938809
72,0,0.9701910976914284
75,1,0.2632489885734169
76,1,0.2092573944046082
92,1,0.9856712050401009
97,0,0.9115262285382009
7,1,0.9180568644875265
12,1,0.8696048715164004
15,1,0.9016025898382096
23,1,0.8791005582555466
38,1,0.8442944203831264
49,0,0.8314184664291504
51,1,0.8970471497956642
77,1,0.7723509767314926
86,0,0.6525011540108846
94,1,0.8980700624745225
17,1,0.9133265152326924
33,1,0.8426239945170468
42,1,0.8691409414770028
54,1,0.060663713155490975
57,1,0.6975372294359171
69,1,0.5854901084163489
74,1,0.5585338721229228
87,1,0.923747502621405
89,0,0.1457427176325868
93,0,0.8694102240290544
