,y_true,y_pred
1,1,0.8289701409335627
8,1,0.8236615221972027
14,0,0.8590449370953155
24,1,0.8246045305174318
34,1,0.8236748092745146
43,1,0.8239494307195143
52,1,0.8233452755934481
80,1,0.8235936147188943
83,1,0.8289397505446578
91,0,0.8534357719143227
6,1,0.7895933368937896
9,1,0.7895769850640685
22,1,0.7894011990001146
41,1,0.7956959585252511
47,0,0.8739037507861784
50,1,0.7921077141963158
58,1,0.8056921868605622
59,0,0.8242663507443506
71,1,0.7954466805902265
95,1,0.7946346819208486
2,1,0.8413096365191666
4,1,0.840504301887753
19,0,0.8407002879478174
30,1,0.8411514476353878
37,1,0.8605362685368364
44,1,0.8411734336410773
46,0,0.8412991127262819
82,1,0.8412598561795709
84,1,0.8631057625943285
90,1,0.8407249814121132
0,1,0.857843311172426
3,1,0.7190770670275481
5,1,0.8525425548324939
39,1,0.6081289662346233
60,1,0.8740188159016011
64,1,0.857046976449475
66,1,0.8682095685879723
79,1,0.857255705557939
85,0,0.8572920544324061
88,0,0.7596907961082021
11,1,0.8838454649837029
13,1,0.8637190280220782
26,1,0.6326254268335436
31,1,0.8638649511802907
45,1,0.8639886469614074
53,1,0.863856822961749
62,0,0.7411549116301421
73,1,0.878904385000504
78,1,0.45437784363485156
98,0,0.38743663016442953
16,1,0.8170057428537566
21,1,0.8210840048218229
25,1,0.8167050003782815
28,1,0.8170895565062624
40,1,0.8165330421818298
48,0,0.5743003440482605
56,1,0.8169727324746886
63,1,0.816552192191857
67,0,0.5995846094123614
68,1,0.8272368975664505
10,1,0.8489326120813587
20,1,0.8492458927043169
29,1,0.8500907505805827
35,1,0.8490681863152602
36,1,0.8565502766000855
61,0,0.8487020279896238
65,1,0.8488048076555972
81,1,0.8486903247864319
96,1,0.8488434642413221
99,0,0.8487352456261125
18,1,0.8306766006374038
27,1,0.8309382827770273
32,1,0.8307222287602097
55,1,0.841039007047479
70,1,0.8393957037245848
72,0,0.8306480553640707
75,1,0.6293271714182135
76,1,0.8319970283885137
92,1,0.8310194998931648
97,0,0.8314521834822196
7,1,0.8925567740897333
12,1,0.8927934472958711
15,1,0.8668932960264544
23,1,0.8603099495532934
38,1,0.859966593982252
49,0,0.8684309018783767
51,1,0.8926813889476349
77,1,0.8595373843660157
86,0,0.8581189341101985
94,1,0.8661936649789448
17,1,0.853186533119211
33,1,0.8405830753539912
42,1,0.8402188813086245
54,1,0.44892318570257483
57,1,0.5825719431313343
69,1,0.8405038319140966
74,1,0.8268758500239256
87,1,0.8402388046286243
89,0,0.43543916628646834
93,0,0.8278520861030295
