,y_true,y_pred
0,0,0.0389497059211146
11,0,0.02571119692302422
12,1,0.7137820637414412
23,1,0.8872513965541664
40,1,0.9029485412292099
50,1,0.9625935219016537
7,1,0.5468479352933442
17,1,0.5996421750638111
20,0,0.7173889928299948
22,1,0.6592749643266691
36,0,0.36590376952936843
3,1,0.7555783483027139
5,0,0.30406821472452966
15,1,0.9083256229013061
32,1,0.667943552566092
42,0,0.06240927038757829
2,1,0.8741213235338516
4,1,0.854164692566922
39,1,0.7719776469448751
46,0,0.5147055099608515
49,0,0.5763624341049216
14,1,0.912154827212345
18,0,0.3459847341114326
30,1,0.6986230622765194
31,1,0.3371614668757858
37,0,0.7054305251335213
8,1,0.7706431217485256
9,0,0.6639932688534904
26,1,0.956523262253328
33,1,0.8725497837026354
47,0,0.84518077317581
1,1,0.8730821730399517
25,0,0.8789001937029283
35,1,0.9923488144675736
43,1,0.14637429293107068
44,0,0.11013399378768096
6,1,0.928562337615845
21,1,0.7163041847911126
24,1,0.8612261847749351
27,0,0.3229999209939219
48,0,0.46943909120560745
16,1,0.61131636678417
19,0,0.17882598416159343
29,0,0.3104515818253235
38,1,0.895714355527475
45,1,0.8470963069526335
10,1,0.7387166358768753
13,1,0.9352581148665949
28,1,0.6613413168195617
34,1,0.33835402769673156
41,0,0.4152888205455873
