,y_true,y_pred
0,0,0.1406337527246998
11,0,0.060870221416011686
12,1,0.7500579689539845
23,1,0.7022676070199448
40,1,0.45925736295385705
50,1,0.9188553928746006
7,1,0.8360605062998709
17,1,0.9614231090103543
20,0,0.8094340605635143
22,1,0.9123448769940501
36,0,0.1304967646883214
3,1,0.6273304690678455
5,0,0.14186922586501508
15,1,0.5679769231901425
32,1,0.6892359987672798
42,0,0.05493933533907155
2,1,0.9173024732884351
4,1,0.9273856440598841
39,1,0.8886212703455767
46,0,0.5
49,0,0.41635404383451513
14,1,0.8757348879473273
18,0,0.1855244643861178
30,1,0.638137628494365
31,1,0.6911436297966741
37,0,0.7358482949192956
8,1,0.8180091088905239
9,0,0.6196419069572208
26,1,0.9414712131683108
33,1,0.9430418917391901
47,0,0.8975933271039508
1,1,0.6955583051957323
25,0,0.5
35,1,0.799380846323222
43,1,0.6469173411392266
44,0,0.3824366538712356
6,1,0.9037175591873445
21,1,0.8669697124485151
24,1,0.8772588759864707
27,0,0.25640033929588457
48,0,0.2620385132579161
16,1,0.7497696205605399
19,0,0.7049878110634331
29,0,0.18641736783510227
38,1,0.9481146450303131
45,1,0.7892550633124915
10,1,0.35174499142629373
13,1,0.8703422163462413
28,1,0.1660337141366623
34,1,0.49093523492398977
41,0,0.06587888450291227
