,y_true,y_pred
1,1,0.9964951535795509
8,1,0.5431681281329982
14,0,0.29467310341376013
24,1,0.999988087728979
34,1,0.9972402439501732
43,1,0.8992301142323271
52,1,0.7537083612897872
80,1,0.9999815996105661
83,1,0.9813591315090722
91,0,0.05219611098120198
6,1,0.7113406664732169
9,1,0.4273103698269452
22,1,0.7632163503603734
41,1,0.8426107323466819
47,0,0.6451452106106274
50,1,0.9860611284951141
58,1,0.9782993945771885
59,0,0.7854208040717301
71,1,0.9450001250983389
95,1,0.5652926572936277
2,1,0.96295048771721
4,1,0.5779775467216041
19,0,0.9428158130921611
30,1,0.748170355054455
37,1,0.9954657663741487
44,1,0.9089364238938004
46,0,0.94025318073
82,1,0.9960683492588343
84,1,0.9441884984882846
90,1,0.9517642897076554
0,1,0.9769030931627949
3,1,0.40255647756785906
5,1,0.9139584105112062
39,1,0.964925478111094
60,1,0.9881528648643901
64,1,0.9385845108621188
66,1,0.9806728969551112
79,1,0.563103273764076
85,0,0.9916594761225361
88,0,0.9313702094149565
11,1,0.9863818020148905
13,1,0.364686890454377
26,1,0.7408342524014965
31,1,0.9950914073140901
45,1,0.12414375582260602
53,1,0.9938711612416988
62,0,0.8488770579853474
73,1,0.9862490856377825
78,1,0.1060410884082823
98,0,0.07386977420001174
16,1,0.9053553510623422
21,1,0.959668955815925
25,1,0.8823453621732427
28,1,0.9892876900860534
40,1,0.9702843295044894
48,0,0.38803239325462274
56,1,0.7140968930962116
63,1,0.6988658133060721
67,0,0.33553523829143633
68,1,0.9972389602063876
10,1,0.9762849643657047
20,1,0.5882705335548696
29,1,0.9999958367740268
35,1,0.966583560731663
36,1,0.9547770439018528
61,0,0.9867754847883154
65,1,0.7402412507069911
81,1,0.9646028186386361
96,1,0.4886099356672389
99,0,0.9725064238754056
18,1,0.9880664361246161
27,1,0.47417213071165176
32,1,0.9954427006735089
55,1,0.9507224075905497
70,1,0.9999857080047742
72,0,0.8696928070625044
75,1,0.2108416306688661
76,1,0.7142766340987049
92,1,0.9999838302320155
97,0,0.563390542715029
7,1,0.5239687715901956
12,1,0.9798643557703881
15,1,0.9940681759621998
23,1,0.9869405203819808
38,1,0.9894817750150213
49,0,0.6543256147623716
51,1,0.8647362854293338
77,1,0.832392900472878
86,0,0.311605014709687
94,1,0.9620350719526976
17,1,0.9999982077268259
33,1,0.9108965366110984
42,1,0.9805026026179526
54,1,0.4089375293488412
57,1,0.9752426140077415
69,1,0.12239968109089652
74,1,0.6204330480366461
87,1,0.4805951810199175
89,0,0.5557060880378077
93,0,0.1607045278818208
