,y_true,y_pred
0,0,0.6051070992534089
11,0,0.5914360621388814
12,1,0.6326420167779697
23,1,0.6415349478272022
40,1,0.633642757137896
50,1,0.6754327794997393
7,1,0.6830255917817796
17,1,0.5623603089108271
20,0,0.5939694454713216
22,1,0.4199122705429131
36,0,0.38278116453883815
3,1,0.8186983383261754
5,0,0.47692151634380303
15,1,0.6656753788788176
32,1,0.8403852078674078
42,0,0.39819802447050706
2,1,0.8884731578695947
4,1,0.8484076054305847
39,1,0.4358583163386709
46,0,0.41366353162742464
49,0,0.47103309846359387
14,1,0.7272401172291316
18,0,0.5785105447907072
30,1,0.6203026654421802
31,1,0.5122154092532999
37,0,0.5902527858985156
8,1,0.3697180686978628
9,0,0.9215305371211806
26,1,0.9727078347462573
33,1,0.6124409119289386
47,0,0.9572702225835662
1,1,0.6319572704614125
25,0,0.6323136460430213
35,1,0.6319617212062203
43,1,0.632036571205387
44,0,0.6322592673955802
6,1,0.8126786875316625
21,1,0.828652114819228
24,1,0.5534996751203253
27,0,0.51059764016974
48,0,0.4628156570405712
16,1,0.40399962368125586
19,0,0.6888966627091433
29,0,0.41545335421450336
38,1,0.8930159245559723
45,1,0.8913197767633673
10,1,0.7439331969375104
13,1,0.7284950764701396
28,1,0.4711227358344258
34,1,0.43523222282050716
41,0,0.4662789187737479
