,y_true,y_pred
1,1,0.8482669059984925
8,1,0.8805528936146232
14,0,0.0006734262194978587
24,1,0.9954264559646878
34,1,0.9995487761007927
43,1,0.7490854701519
52,1,0.9999999999999709
80,1,0.9999967945545822
83,1,0.9532490532969037
91,0,0.008792557702131843
6,1,0.9722349080122386
9,1,0.9914215729989797
22,1,0.9960920434143645
41,1,0.9995804790993398
47,0,0.005474032243874069
50,1,0.9999930447824102
58,1,0.9999998573609775
59,0,0.9995408940862054
71,1,0.9991074792040898
95,1,0.9859050157822528
2,1,0.7830156341619081
4,1,0.6052470282252799
19,0,0.9998003712731148
30,1,0.9704764229704801
37,1,0.9999928265417162
44,1,0.9996710975068833
46,0,0.9952979300908867
82,1,0.951990719978403
84,1,0.9996415146028055
90,1,0.9999893656537181
0,1,0.9995612796078495
3,1,0.003789879532223189
5,1,0.09645255386839105
39,1,0.028519879681785352
60,1,0.9999929264452336
64,1,0.9378493805307103
66,1,0.9908048396089553
79,1,0.9427117852758636
85,0,0.9922051776172792
88,0,0.02031766407752223
11,1,0.999999317510626
13,1,0.9865465482575613
26,1,0.9157462022037913
31,1,0.9999978865795746
45,1,0.9356765836643975
53,1,0.9987853398931342
62,0,0.9937749264549003
73,1,0.9999999407507341
78,1,0.6426827100385528
98,0,0.0031947265993706717
16,1,0.19791298691422834
21,1,0.9928446761534291
25,1,0.9993877235220914
28,1,0.9978040054002488
40,1,0.9995747960109733
48,0,0.99983117112323
56,1,0.7310248571995053
63,1,0.9999767156801503
67,0,0.3294322338135587
68,1,0.9999901430433953
10,1,0.999849679300012
20,1,0.996314229528419
29,1,0.9999927690109492
35,1,0.9995233152036095
36,1,0.978412128438192
61,0,0.9994154657644552
65,1,0.9796179168214776
81,1,0.9970078635141423
96,1,0.8105092030435491
99,0,0.9995265528250511
18,1,0.9999149559528638
27,1,0.9275900001895262
32,1,0.9998754178786379
55,1,0.9999999997982303
70,1,0.9999373753695626
72,0,0.004392183645429624
75,1,0.9999998327524107
76,1,0.9999999999516616
92,1,0.9999990344863493
97,0,0.9997867862030919
7,1,0.9999584318565615
12,1,0.9838475906346716
15,1,0.9984218237614514
23,1,0.9999999999997107
38,1,0.9848024274529217
49,0,0.002805106340416742
51,1,0.999999999998388
77,1,0.9999998359242244
86,0,0.8390831594452899
94,1,0.9999998143310126
17,1,0.9999618546169393
33,1,0.9998729581697159
42,1,0.9205725537120443
54,1,0.09448037156663723
57,1,0.9999989116336775
69,1,0.7596303857811165
74,1,0.999979933443311
87,1,0.8920288704803494
89,0,0.14938628827850486
93,0,0.011978078002313059
