,y_true,y_pred
1,1,0.7767703857410038
8,1,0.7717986904541774
14,0,0.7681829953946581
24,1,0.7726603533898078
34,1,0.7705798148473939
43,1,0.7702040808733913
52,1,0.8000156207461359
80,1,0.7717912764731734
83,1,0.7764674723597254
91,0,0.7717440154167183
6,1,0.5821218608149953
9,1,0.6833483302561766
22,1,0.49835470014924593
41,1,0.6833483302561766
47,0,0.5219617784271302
50,1,0.6833483302561766
58,1,0.6833483302561766
59,0,0.6833483302561766
71,1,0.6833483302561766
95,1,0.6833483302561766
2,1,0.5704881216754017
4,1,0.5796477296474746
19,0,0.6858299113718576
30,1,0.6858299113718576
37,1,0.6858299113718576
44,1,0.6858299113718576
46,0,0.6702727318698251
82,1,0.6142798304416432
84,1,0.6858299113718576
90,1,0.6858299113718576
0,1,0.889146468963912
3,1,0.6546628462808676
5,1,0.9752584145913242
39,1,0.6913666624380295
60,1,0.8994797883482533
64,1,0.9720839337618274
66,1,0.8217974680036819
79,1,0.6324774640652601
85,0,0.6224123478250352
88,0,0.6306712471069148
11,1,0.6870187862109169
13,1,0.46760122629807455
26,1,0.6870187862109169
31,1,0.6870187862109169
45,1,0.43031475553437337
53,1,0.6870187862109169
62,0,0.6870187862109169
73,1,0.6870187862109169
78,1,0.6617708911750219
98,0,0.6749826608658079
16,1,0.6811833913256088
21,1,0.6383525077627716
25,1,0.6811833913256088
28,1,0.6811833913256088
40,1,0.6811833913256088
48,0,0.608909052576129
56,1,0.6811833913256088
63,1,0.6811833913256088
67,0,0.5672492747866419
68,1,0.6811833913256088
10,1,0.7758263183782829
20,1,0.7768695962495542
29,1,0.7769203003620577
35,1,0.7771592136284118
36,1,0.7750642996457572
61,0,0.7754434674162345
65,1,0.779169157851472
81,1,0.7751391945599725
96,1,0.7741442972547214
99,0,0.7749198779093953
18,1,0.653705951656942
27,1,0.653705951656942
32,1,0.6503172561976834
55,1,0.653705951656942
70,1,0.6537046129624128
72,0,0.6528334560942566
75,1,0.46277569691155285
76,1,0.36206891592969964
92,1,0.6496139988705669
97,0,0.653705951656942
7,1,0.7539305061033471
12,1,0.9202686018440833
15,1,0.8685996116772672
23,1,0.9366985544610639
38,1,0.738740706847909
49,0,0.7539305061033471
51,1,0.9657788742011306
77,1,0.748797972824829
86,0,0.7396627463672587
94,1,0.928366960884099
17,1,0.8642550463684782
33,1,0.7389288934524392
42,1,0.5805423017139341
54,1,0.6837526212578866
57,1,0.7868266826467022
69,1,0.7254184452923682
74,1,0.696859928150083
87,1,0.9069385709930592
89,0,0.7744015038081937
93,0,0.5877324535376913
