,y_true,y_pred
1,1,0.7956785469570574
8,1,0.7953810596515403
14,0,0.7971661979685909
24,1,0.795070317260253
34,1,0.7957976158499385
43,1,0.7951659171660026
52,1,0.7948183519519184
80,1,0.7949229969687361
83,1,0.7949562761113702
91,0,0.7956413593813306
6,1,0.7991575867778743
9,1,0.799042544119822
22,1,0.7990384621125034
41,1,0.7990622560923228
47,0,0.799043450355667
50,1,0.7990642486770577
58,1,0.7990518075157673
59,0,0.7990534196936149
71,1,0.7990807510679286
95,1,0.7990559467213034
2,1,0.7988637527338318
4,1,0.7990516953373269
19,0,0.7988679343351286
30,1,0.7988341530558297
37,1,0.7988302246489433
44,1,0.7988224110074763
46,0,0.7988403703747178
82,1,0.798823309884989
84,1,0.7988306262993946
90,1,0.7988681045632485
0,1,0.7981523488223401
3,1,0.7979005415762418
5,1,0.798215686182293
39,1,0.7980841321933544
60,1,0.7979312955106858
64,1,0.7979826940699
66,1,0.7980497053566347
79,1,0.7980113465339018
85,0,0.8020814847019342
88,0,0.7979624330782369
11,1,0.7958308402340397
13,1,0.7953910141593973
26,1,0.7952753852488095
31,1,0.7962637738401112
45,1,0.7954248248833777
53,1,0.7958968120270304
62,0,0.8020581732560861
73,1,0.7953595830817725
78,1,0.811725304989939
98,0,0.7966809472661823
16,1,0.8053041435226924
21,1,0.8054166348243963
25,1,0.8061999015899084
28,1,0.8059821266630182
40,1,0.8063150216720542
48,0,0.8063046118209958
56,1,0.8035538875697894
63,1,0.8060363085137259
67,0,0.8100904930891334
68,1,0.8051108447259535
10,1,0.8035678353728648
20,1,0.8039050487046947
29,1,0.8024170885179268
35,1,0.801316879021266
36,1,0.8036087490110372
61,0,0.8033086756721793
65,1,0.8039640695995679
81,1,0.8036158017152546
96,1,0.8040684205488842
99,0,0.8028994160156714
18,1,0.8061143849968642
27,1,0.8061510733343088
32,1,0.8028114157149766
55,1,0.8040574925230569
70,1,0.8029173867955308
72,0,0.8016037340698466
75,1,0.49434202622196466
76,1,0.7419559056438944
92,1,0.8056930327080268
97,0,0.8060988407048069
7,1,0.7979585695174995
12,1,0.7973864646056456
15,1,0.7973872866209777
23,1,0.7974532743463045
38,1,0.7973974330387814
49,0,0.7972003785550327
51,1,0.7975673410392041
77,1,0.7974081348049683
86,0,0.7978564200640039
94,1,0.7977160175853728
17,1,0.7949195017047511
33,1,0.7944609235699829
42,1,0.7965826615536777
54,1,0.7948022433157429
57,1,0.7935634193351526
69,1,0.7937298979286849
74,1,0.7938399055589016
87,1,0.79393059172848
89,0,0.7936354257665311
93,0,0.7980211988150291
