,y_true,y_pred
1,1,0.8045652633874076
8,1,0.802235450936801
14,0,0.7874631576994316
24,1,0.8040902609686683
34,1,0.8037960139391497
43,1,0.8054198715429448
52,1,0.8047086085464371
80,1,0.8056930028136278
83,1,0.8077959698241098
91,0,0.8020947938047781
6,1,0.7995732609680032
9,1,0.799774883320885
22,1,0.7998167664263074
41,1,0.7997348375359337
47,0,0.7998175099076349
50,1,0.7997557681868305
58,1,0.7997738735090749
59,0,0.7997771949054848
71,1,0.7996955181149202
95,1,0.7997498677954731
2,1,0.8762085388603802
4,1,0.6501095418506405
19,0,0.8824848434800184
30,1,0.8629964325680997
37,1,0.8586576051043706
44,1,0.8480496103109244
46,0,0.8738978080805697
82,1,0.8850618222693305
84,1,0.8802866062709676
90,1,0.8045690463503126
0,1,0.7980943577131108
3,1,0.797973831991609
5,1,0.7981423905656371
39,1,0.7982259570104694
60,1,0.7979131719759458
64,1,0.7979900504456776
66,1,0.798156179604625
79,1,0.7981368818129386
85,0,0.8024355001608836
88,0,0.7980904983930531
11,1,0.8116821117588637
13,1,0.8121795991263218
26,1,0.8092711441897967
31,1,0.810088697710387
45,1,0.8117674482956468
53,1,0.8096593179746115
62,0,0.8214198002165903
73,1,0.8114871488592393
78,1,0.8015815282188331
98,0,0.801323886847057
16,1,0.8228690274401408
21,1,0.8134680209191706
25,1,0.8201268397808885
28,1,0.8143593621302535
40,1,0.8182670820390517
48,0,0.8176121388279948
56,1,0.8168435078814834
63,1,0.8186382811751148
67,0,0.8011369902353039
68,1,0.817891971858739
10,1,0.8031502429083308
20,1,0.8012014513375872
29,1,0.8032267306198646
35,1,0.7987766552887233
36,1,0.8039670188001994
61,0,0.8009210198789508
65,1,0.799365544808809
81,1,0.8034707566547569
96,1,0.8026269680926623
99,0,0.7977305662777541
18,1,0.8410112833532903
27,1,0.8192867537609149
32,1,0.8270498223743142
55,1,0.820136164765143
70,1,0.8190293345736146
72,0,0.8065348004950396
75,1,0.2370736202278166
76,1,0.6265338101651298
92,1,0.8330777574352219
97,0,0.8339196097726556
7,1,0.7991016961463795
12,1,0.8205134297576935
15,1,0.8020591332422091
23,1,0.8126104357957613
38,1,0.7858695201324664
49,0,0.7906475079350231
51,1,0.813411090916709
77,1,0.7721827722036133
86,0,0.7680674676870837
94,1,0.8110009239276267
17,1,0.7919190228730238
33,1,0.7924553054862972
42,1,0.7928007123470983
54,1,0.7917205952934523
57,1,0.7881838489539872
69,1,0.791260589122761
74,1,0.791162084445321
87,1,0.7889956771808613
89,0,0.7908686751544435
93,0,0.7981504037329883
