,y_true,y_pred
1,1,0.7885983044316897
8,1,0.8116205062322861
14,0,0.808911802209858
24,1,0.821449794258981
34,1,0.8081944847262087
43,1,0.8106006154634987
52,1,0.7077698789355568
80,1,0.8109710676967384
83,1,0.8106598898252442
91,0,0.8081858974929131
6,1,0.7994594843265289
9,1,0.7995688990173915
22,1,0.7981846256236399
41,1,0.7993935991519403
47,0,0.7991393182203829
50,1,0.799667724575962
58,1,0.7997979007598858
59,0,0.7986743307367653
71,1,0.7996653801592692
95,1,0.7996150379307203
2,1,0.6706295613561492
4,1,0.8148920316210463
19,0,0.8133584037014725
30,1,0.8117454998094122
37,1,0.8200981870990433
44,1,0.8091702260308838
46,0,0.7993848545255189
82,1,0.8133966016933187
84,1,0.821194667642407
90,1,0.5655768103373144
0,1,0.8257391157452388
3,1,0.7958123065356876
5,1,0.7968894666837159
39,1,0.7966314744540229
60,1,0.7958806659437762
64,1,0.7960836471060253
66,1,0.7926771812235591
79,1,0.7983200657220074
85,0,0.8096165041325273
88,0,0.7982188114736568
11,1,0.8037282265450115
13,1,0.8069275934004149
26,1,0.7992191720785479
31,1,0.8040571279614953
45,1,0.8041053550080001
53,1,0.8075726010863412
62,0,0.798118972027216
73,1,0.8049480927449548
78,1,0.8050569402306194
98,0,0.7994097540497831
16,1,0.7937640039230226
21,1,0.7879087196433554
25,1,0.7938050116291202
28,1,0.7924046993022069
40,1,0.7924722480408395
48,0,0.7884563444854541
56,1,0.7938702885290786
63,1,0.8278588707768845
67,0,0.8219373510629171
68,1,0.7862930557886988
10,1,0.8050270480338637
20,1,0.8104891861616963
29,1,0.8082607803833892
35,1,0.8074418063155285
36,1,0.822295553187878
61,0,0.8134379411309932
65,1,0.8087416412717262
81,1,0.8050475216996997
96,1,0.8030056190296141
99,0,0.8163164823706861
18,1,0.7935713690102455
27,1,0.7967415167213301
32,1,0.7963556615675118
55,1,0.7941834275947697
70,1,0.8007282055337615
72,0,0.7943661722342449
75,1,0.7965706098026133
76,1,0.8280192493814208
92,1,0.7969378415639936
97,0,0.7930068863652124
7,1,0.8125460213601973
12,1,0.8089023839087085
15,1,0.8152667073160382
23,1,0.8170703983227839
38,1,0.8163979021656341
49,0,0.8120375153503131
51,1,0.8144403266091941
77,1,0.8093051418100485
86,0,0.8078571736008311
94,1,0.8082694628088712
17,1,0.7970013462532577
33,1,0.7963206414442346
42,1,0.7961198669964299
54,1,0.7965045446032711
57,1,0.7973984733939184
69,1,0.7969846954480604
74,1,0.7955127722281935
87,1,0.797441129291869
89,0,0.796071222323577
93,0,0.7958555045555418
