,y_true,y_pred
11,1,0.701347030706276
14,1,0.6471292418786148
25,1,0.6605620672840077
33,1,0.7337469401263937
35,1,0.5107325470154042
50,0,0.48827487095103445
51,0,0.5160489913057605
58,0,0.397667551071208
81,0,0.7245454926170177
88,0,0.4077689782480855
13,1,0.5984035698991396
15,1,0.5
20,1,0.5
29,1,0.651875003293807
45,1,0.4671696571900601
76,0,0.6507718927717691
84,0,0.5847790984889059
85,0,0.47941833067734
90,0,0.6112736812248063
0,1,0.45676555702848776
10,1,0.5722567392640941
31,1,0.47252240212034907
40,1,0.6365988933065007
47,1,0.48493066642503807
54,0,0.5885435132472224
56,0,0.6379216698196667
70,0,0.6461815029147314
74,0,0.4321061339530596
4,1,0.5716034872417016
9,1,0.5489793459754114
19,1,0.5362321382548491
21,1,0.562241513366809
42,1,0.5315895117762724
64,0,0.512196839782266
65,0,0.5150929634249156
82,0,0.5769809321663302
83,0,0.5400337856530848
22,1,0.7090132740503314
34,1,0.2523121231068381
38,1,0.4521114894123735
41,1,0.33012242724880675
44,1,0.567303319473244
57,0,0.5850961691632727
61,0,0.2453142590585743
80,0,0.5946322870665632
87,0,0.4915945928469111
6,1,0.6956779576315341
7,1,0.6132954232237577
27,1,0.689567956744553
30,1,0.6637740826073908
48,1,0.3705269154166518
53,0,0.4318823248030271
67,0,0.6441697731056162
68,0,0.5378385522152983
75,0,0.5468506884862391
2,1,0.5731432070451171
8,1,0.5367402246303408
23,1,0.5547969452769876
24,1,0.5608893352437218
28,1,0.5203844145739379
52,0,0.5398768548534876
73,0,0.5735246376482733
86,0,0.5289919911136983
89,0,0.5459078405500981
1,1,0.5811145945248446
12,1,0.5565864880941732
32,1,0.5270030078788756
37,1,0.5127869503467125
49,1,0.5188127908268658
59,0,0.6074784328030168
63,0,0.615980573922711
71,0,0.5318459658775287
78,0,0.5838409432162812
16,1,0.5701891888714818
26,1,0.5822371157814368
36,1,0.5478524504450394
39,1,0.5444824738415707
46,1,0.4912229514630889
62,0,0.5203907919173849
66,0,0.5710583356905108
69,0,0.6076904547696305
79,0,0.45729061200649
3,1,0.5532154925282907
5,1,0.5675974719333413
17,1,0.5601303077738969
18,1,0.5385660314494248
43,1,0.5483212105852466
55,0,0.5654863746824773
60,0,0.5365635356187155
72,0,0.5433301840824019
77,0,0.5643127738634446
