,y_true,y_pred
11,1,0.44882556708921306
14,1,0.43401487202943667
25,1,0.4488335772267913
33,1,0.5244620461367816
35,1,0.679128458909481
50,0,0.7200947588497988
51,0,0.23757955334242015
58,0,0.49030805099061486
81,0,0.34090475292374783
88,0,0.6585022089197017
13,1,0.6340239231186849
15,1,0.6031080053064336
20,1,0.6260074817391245
29,1,0.6483532257028578
45,1,0.6268130073608259
76,0,0.6300680987408388
84,0,0.637855223614785
85,0,0.6451239368888176
90,0,0.6341326785317293
0,1,0.5884789729986161
10,1,0.5711146768079806
31,1,0.48920005057749516
40,1,0.544126181609194
47,1,0.4700950743356794
54,0,0.6103640640071825
56,0,0.5955564862591155
70,0,0.6096930311343551
74,0,0.44585564234828534
4,1,0.560880302313069
9,1,0.5594580445965033
19,1,0.558440595272007
21,1,0.5627969588037945
42,1,0.5455997799428667
64,0,0.5344144911282085
65,0,0.5198903054053524
82,0,0.5592947184104928
83,0,0.5432834155078168
22,1,0.4938293596820438
34,1,0.5060822682387435
38,1,0.5
41,1,0.5058160048361434
44,1,0.5
57,0,0.49457845898012787
61,0,0.5051565413740301
80,0,0.5
87,0,0.5
6,1,0.5809432379365643
7,1,0.6076371355492978
27,1,0.6059330952442503
30,1,0.5823825174083584
48,1,0.512600770948931
53,0,0.4933402733080591
67,0,0.5754770696804646
68,0,0.5803241092281172
75,0,0.589157907090361
2,1,0.5924003015527534
8,1,0.5948140368895306
23,1,0.5979398264798347
24,1,0.5969320100179611
28,1,0.5981000899028641
52,0,0.5877665707597365
73,0,0.592851729638449
86,0,0.5246094023432747
89,0,0.5944143742601331
1,1,0.49280777921195607
12,1,0.5283389086952719
32,1,0.6004551450969576
37,1,0.6419689776535582
49,1,0.6385251966871284
59,0,0.5457287487005245
63,0,0.4601555868428213
71,0,0.6202411762956703
78,0,0.4104872513350252
16,1,0.5
26,1,0.49378537368824565
36,1,0.4947189338070487
39,1,0.49419615569098185
46,1,0.5
62,0,0.5
66,0,0.5
69,0,0.49325447297294034
79,0,0.5094263372593079
3,1,0.5
5,1,0.5162493657404729
17,1,0.5
18,1,0.49204002171032596
43,1,0.494447748538021
55,0,0.5
60,0,0.5115052374336183
72,0,0.5
77,0,0.5057643736673341
