,y_true,y_pred
1,1,0.8022135635607769
8,1,0.8021820013767884
14,0,0.8000894669197526
24,1,0.8022351851867586
34,1,0.8020805336543447
43,1,0.8002329794170476
52,1,0.8021976268505085
80,1,0.8046584500777153
83,1,0.8022097038845772
91,0,0.8011244371558409
6,1,0.8085274588789382
9,1,0.8072864618181339
22,1,0.798002755791942
41,1,0.8211737557542679
47,0,0.7941667058017063
50,1,0.8189596961683836
58,1,0.8211189141648108
59,0,0.8117107135457031
71,1,0.8076869320801995
95,1,0.7959057672253294
2,1,0.8160578127436737
4,1,0.8186390800503627
19,0,0.8161496272131455
30,1,0.8182827068276625
37,1,0.8182388368223489
44,1,0.8163715995309138
46,0,0.8179415110506839
82,1,0.8160025222728857
84,1,0.8183793492390569
90,1,0.8161788197123838
0,1,0.8817652923902968
3,1,0.6328918762951725
5,1,0.8565671086471166
39,1,0.5
60,1,0.8857759291670356
64,1,0.8767798225068849
66,1,0.8855382944077517
79,1,0.8760353271423204
85,0,0.8759958568284274
88,0,0.6873522642491586
11,1,0.8868679347820121
13,1,0.4576321981233647
26,1,0.8697205046740185
31,1,0.9060375421861142
45,1,0.3590776415271756
53,1,0.8585097468523342
62,0,0.8781376564741168
73,1,0.8835182411865008
78,1,0.9431987759763899
98,0,0.8160284887411868
16,1,0.8675792534625542
21,1,0.8449225466531205
25,1,0.8481501890603612
28,1,0.7950585946910467
40,1,0.7724343518583138
48,0,0.8642820844195415
56,1,0.8235958949500259
63,1,0.8402358017787189
67,0,0.8627054122394625
68,1,0.8545663244390098
10,1,0.8850233563888009
20,1,0.8870533311785446
29,1,0.8876491425726457
35,1,0.8864672471181065
36,1,0.8911272268895384
61,0,0.8916049998658834
65,1,0.8885698308127638
81,1,0.8906050494599196
96,1,0.8782464949008141
99,0,0.8858560776681773
18,1,0.8894368882710963
27,1,0.8896437922560911
32,1,0.8897903230491817
55,1,0.894497297636671
70,1,0.8940663724333263
72,0,0.8978648897464754
75,1,0.2362672334692699
76,1,0.8916985615335894
92,1,0.8905769355941788
97,0,0.8964307678831623
7,1,0.7766042957679014
12,1,0.8325297800455039
15,1,0.7781508489075065
23,1,0.8563123647557556
38,1,0.8038007153426457
49,0,0.8178850085834931
51,1,0.8564566240119762
77,1,0.8533597216454348
86,0,0.8164443011156031
94,1,0.8606696087054976
17,1,0.8001238104869534
33,1,0.8000679213190511
42,1,0.7996516673235011
54,1,0.8000519163625155
57,1,0.800136961962776
69,1,0.7996093697640976
74,1,0.8000472928588283
87,1,0.8000520622769063
89,0,0.8000427200171836
93,0,0.799541144764183
