,y_true,y_pred
1,1,0.9805549282418655
8,1,0.6255963964026151
14,0,0.2836972024150626
24,1,0.9929638334263701
34,1,0.9945770109685989
43,1,0.984131038878915
52,1,0.9650165820031772
80,1,0.9970977765385676
83,1,0.9821923230658953
91,0,0.05185158927700851
6,1,0.877984500803084
9,1,0.9355874705126754
22,1,0.7834445383652094
41,1,0.9107298474579507
47,0,0.1861287782478095
50,1,0.9883605257915574
58,1,0.9543759102938587
59,0,0.3628530434607941
71,1,0.8964949986043572
95,1,0.9496240773629108
2,1,0.9841683000160061
4,1,0.9035149368829342
19,0,0.6484757012550275
30,1,0.9496854139630395
37,1,0.9926309432399467
44,1,0.9544902005322915
46,0,0.30022491349104224
82,1,0.9941671447153299
84,1,0.9666918818217246
90,1,0.9725724383391099
0,1,0.9810190667229367
3,1,0.1005679583111708
5,1,0.9239179171225236
39,1,0.667215474713954
60,1,0.9969025426925313
64,1,0.9939390031959867
66,1,0.9943982879764671
79,1,0.5727241257889478
85,0,0.21704985839008123
88,0,0.07140242124192145
11,1,0.9953963726961605
13,1,0.740037152493463
26,1,0.8537455049679147
31,1,0.9999991831458142
45,1,0.06529392810708012
53,1,0.9999926552363201
62,0,0.07684832942171706
73,1,0.9969811516716298
78,1,0.19711124231171787
98,0,0.15248530764417104
16,1,0.9512227540177709
21,1,0.9743850987516031
25,1,0.8972345401787168
28,1,0.9999834357882341
40,1,0.9630165182846271
48,0,0.20027177564414367
56,1,0.9869646200239262
63,1,0.9701539275025306
67,0,0.19099605978037523
68,1,0.9943643924645069
10,1,0.9550728820416137
20,1,0.9874525235316914
29,1,0.9999920978600181
35,1,0.9909700828455452
36,1,0.9543179458200924
61,0,0.9748257285687097
65,1,0.9375481048173744
81,1,0.9856008679614984
96,1,0.863193837950204
99,0,0.8725817311920883
18,1,0.9708853229159518
27,1,0.6805965360855512
32,1,0.995619794027795
55,1,0.9602979309922403
70,1,0.9962978796817549
72,0,0.24062394335178536
75,1,0.5327358703608177
76,1,0.9291456138742873
92,1,0.9967982681496166
97,0,0.13827708732494445
7,1,0.5640801119976725
12,1,0.9769632862302673
15,1,0.9965694235568318
23,1,0.9931706876329117
38,1,0.981429752905193
49,0,0.03808086156570547
51,1,0.572447436003117
77,1,0.9205100151609847
86,0,0.20689069088891646
94,1,0.9910358360073693
17,1,0.9830282646865101
33,1,0.9838659441064614
42,1,0.8553060134976452
54,1,0.9237155049428718
57,1,0.9669530923818517
69,1,0.9052045932599768
74,1,0.3415615267062097
87,1,0.9654978764089589
89,0,0.010794098602537317
93,0,0.18560743540102753
