,y_true,y_pred
11,1,0.5652257045293817
14,1,0.5747713555884464
25,1,0.5675156695351975
33,1,0.5339220134274886
35,1,0.5665519321186135
50,0,0.5580424209586355
51,0,0.550040059274604
58,0,0.5458332529335066
81,0,0.5351100553705718
88,0,0.5557253839676447
13,1,0.5196179791105999
15,1,0.5529976366609907
20,1,0.5401809138853767
29,1,0.5215045069021013
45,1,0.5363229065525378
76,0,0.6533564366702287
84,0,0.5516093792642566
85,0,0.5295604498704231
90,0,0.6967385648827442
0,1,0.5181091185547783
10,1,0.5584175150041067
31,1,0.5581957436706948
40,1,0.5538114909704955
47,1,0.5623800678847372
54,0,0.5484750010758924
56,0,0.5402709658889346
70,0,0.5372762777380466
74,0,0.53403692097447
4,1,0.5828783117889749
9,1,0.5969946276901663
19,1,0.592230805089945
21,1,0.5115287647610282
42,1,0.5969000778978809
64,0,0.6062097254932162
65,0,0.57572010701751
82,0,0.5956911290294266
83,0,0.5385184067999101
22,1,0.4373342809744728
34,1,0.4184122252439145
38,1,0.4424556935094484
41,1,0.41928828386055866
44,1,0.48887762385401434
57,0,0.41863491787175505
61,0,0.6439074347562542
80,0,0.602133495012846
87,0,0.593653611146323
6,1,0.5602591205120919
7,1,0.5805415626275877
27,1,0.5617290212827877
30,1,0.5412354647929614
48,1,0.5733504468889059
53,0,0.5700120800576185
67,0,0.5061267269389282
68,0,0.5839347389537434
75,0,0.5819247853677416
2,1,0.5275775615346082
8,1,0.4768774657834625
23,1,0.5224986523327805
24,1,0.5874931934918023
28,1,0.5664171683561733
52,0,0.6617797978366333
73,0,0.47658277922490316
86,0,0.611287847458333
89,0,0.6406396950258648
1,1,0.5251046835437092
12,1,0.5730539657728626
32,1,0.5289327810238612
37,1,0.5976251805778262
49,1,0.5107434768189257
59,0,0.5163600713357116
63,0,0.6031501130213044
71,0,0.5403980784339123
78,0,0.5159978760783682
16,1,0.5549435636216524
26,1,0.559845404621972
36,1,0.5707547838648627
39,1,0.5262257954191772
46,1,0.5703061556925321
62,0,0.5057417697244692
66,0,0.5775925757128085
69,0,0.5552099845114475
79,0,0.5782129508729469
3,1,0.4910432561615793
5,1,0.4917838773221024
17,1,0.5640634741872046
18,1,0.5814750573394238
43,1,0.5736295315847758
55,0,0.5118483710921004
60,0,0.5541588184129487
72,0,0.5425374708660139
77,0,0.5857394071394683
