,y_true,y_pred
1,1,0.8721324472832567
8,1,0.8343342552657378
14,0,0.7176391308992488
24,1,0.8650906195174413
34,1,0.8696216465520917
43,1,0.834278008317105
52,1,0.7695221898779641
80,1,0.8704379297624933
83,1,0.8830260146997191
91,0,0.6658437505706511
6,1,0.7127217964602576
9,1,0.8291094154421055
22,1,0.843018271440828
41,1,0.8137515981821349
47,0,0.8237231833846912
50,1,0.8275412152230848
58,1,0.8370959948025891
59,0,0.8108927718079941
71,1,0.8140830815281003
95,1,0.8361692181156549
2,1,0.8998275669846518
4,1,0.3879811009636539
19,0,0.8966791918590662
30,1,0.911038772881216
37,1,0.9263570209509498
44,1,0.6681509465673099
46,0,0.9028818482589904
82,1,0.9270007004988313
84,1,0.9344605382902876
90,1,0.659250630315032
0,1,0.7984600860665134
3,1,0.7575960993020286
5,1,0.7497188526739078
39,1,0.8004217062715232
60,1,0.9067429141829659
64,1,0.8093094396740425
66,1,0.8857341090229428
79,1,0.9085278112966346
85,0,0.7177139661764899
88,0,0.8426682446575525
11,1,0.9705271213998081
13,1,0.7874295900866312
26,1,0.6205519576645644
31,1,0.938661391358202
45,1,0.8888151737062526
53,1,0.952781435951772
62,0,0.5943597628016561
73,1,0.9735905571633229
78,1,0.12543144056550584
98,0,0.7299300144150462
16,1,0.8636350390465019
21,1,0.8526301256838884
25,1,0.8452027318057044
28,1,0.8292221721658086
40,1,0.8677959102928979
48,0,0.7734633967946737
56,1,0.8470460923515354
63,1,0.8286629078441288
67,0,0.7277007906824257
68,1,0.8554840981649795
10,1,0.8651620840829116
20,1,0.8931236970457509
29,1,0.9344238052430346
35,1,0.9159650474271118
36,1,0.9322195242948667
61,0,0.8333895366913361
65,1,0.6942915312447282
81,1,0.8310847748079924
96,1,0.8023987639704873
99,0,0.8825255231922255
18,1,0.9040899232792761
27,1,0.8704311698468999
32,1,0.9059690160701669
55,1,0.9033673967321519
70,1,0.869125597455534
72,0,0.7668253295053278
75,1,0.2601414830022328
76,1,0.4844530554122422
92,1,0.9093427264107261
97,0,0.8726808286212813
7,1,0.7812345964309748
12,1,0.9517232583720701
15,1,0.9656841950836809
23,1,0.9467950490922123
38,1,0.8358317153614027
49,0,0.4473136510668469
51,1,0.9445460250222011
77,1,0.9161135519269336
86,0,0.8775702319510879
94,1,0.9018856883258439
17,1,0.874993394485434
33,1,0.8922318028173084
42,1,0.7717938818774556
54,1,0.6498668223218205
57,1,0.6317181841670506
69,1,0.8807632132683957
74,1,0.7739013598107861
87,1,0.8269399699660135
89,0,0.7329849475727833
93,0,0.7382612652563401
