,y_true,y_pred
11,1,0.5537283704372715
14,1,0.4863878577782157
25,1,0.5359380445171844
33,1,0.4875725440101332
35,1,0.5335286742879479
50,0,0.5122278473683167
51,0,0.562627690607226
58,0,0.5359387647041094
81,0,0.5648305262704657
88,0,0.5
13,1,0.5921635326160865
15,1,0.536540412322145
20,1,0.5441454267029765
29,1,0.5909348297914739
45,1,0.5530118677628676
76,0,0.5421932835612286
84,0,0.5785346408091013
85,0,0.5470418758570482
90,0,0.5859226600522228
0,1,0.666380877875812
10,1,0.5107729897840791
31,1,0.41490646397972825
40,1,0.615482944066718
47,1,0.3720504748221002
54,0,0.6542359730794711
56,0,0.6724673232411725
70,0,0.7068593608236098
74,0,0.42155996914524035
4,1,0.5756065098566522
9,1,0.5781720238293916
19,1,0.5299090167488314
21,1,0.5672762649791
42,1,0.5669034938785757
64,0,0.5768792061569856
65,0,0.5605311398301637
82,0,0.5700835411908338
83,0,0.5793170633342029
22,1,0.6421028023020233
34,1,0.27161272344028276
38,1,0.6551200355631357
41,1,0.3790931892301585
44,1,0.6794987275816904
57,0,0.4849354479725397
61,0,0.48652154692636146
80,0,0.7022854594546509
87,0,0.6470524899543365
6,1,0.58095734638661
7,1,0.564088981463087
27,1,0.5759042013149278
30,1,0.5879766916739201
48,1,0.5274353143823083
53,0,0.5060906185228427
67,0,0.5762918254904646
68,0,0.5354164569130707
75,0,0.539571916084213
2,1,0.5747258283582704
8,1,0.583173042363873
23,1,0.5745865660280012
24,1,0.5847239348027645
28,1,0.5596134645453632
52,0,0.5693730780789106
73,0,0.5824821367079857
86,0,0.5170096930521085
89,0,0.586108197481437
1,1,0.5194397655322884
12,1,0.5398256141092214
32,1,0.5446855483052095
37,1,0.5160094845178287
49,1,0.5067895200814201
59,0,0.5342362378707033
63,0,0.6045641127613735
71,0,0.5531215398972594
78,0,0.5823142654175922
16,1,0.5484337317049
26,1,0.5478013541634386
36,1,0.5481598015871559
39,1,0.5471557943141436
46,1,0.5489493820016361
62,0,0.5491303958643526
66,0,0.5482757474853946
69,0,0.5483584178142923
79,0,0.54917429373946
3,1,0.5328742285318959
5,1,0.5341135461269185
17,1,0.5427909741663344
18,1,0.5
43,1,0.4899514875880455
55,0,0.5318401034717312
60,0,0.5234305324564045
72,0,0.5
77,0,0.5441747398523723
