,y_true,y_pred
1,1,0.9999041163690972
8,1,0.6529066493536271
14,0,0.3780250881531896
24,1,0.9999648084039807
34,1,0.9999966031804884
43,1,0.9999681873760219
52,1,0.9904336034336025
80,1,0.9999268958832411
83,1,0.9999998983993222
91,0,0.0005573130159407388
6,1,0.9999999996697204
9,1,0.9999973259337079
22,1,0.9913115426459272
41,1,0.8962684726273765
47,0,0.001793388911627064
50,1,0.9999992159485346
58,1,0.9999165863826013
59,0,0.8751983909970708
71,1,0.9999228838889407
95,1,0.9882976374827861
2,1,0.9999999905195415
4,1,0.999999897379663
19,0,0.9893034066635519
30,1,0.9841029520582285
37,1,0.9993408148703655
44,1,0.9999561948348927
46,0,0.12428586205482021
82,1,0.9997770925471962
84,1,0.9999118632600426
90,1,0.9994848913082854
0,1,0.561027170458413
3,1,0.7846145541287306
5,1,0.9999999582883226
39,1,0.999986747835846
60,1,0.9999973853879475
64,1,0.9999747986169021
66,1,0.9999863298726013
79,1,0.986543093800823
85,0,0.0017891532141259127
88,0,0.006032177113059889
11,1,0.9999878195927369
13,1,0.10098603863896588
26,1,0.9999670603704041
31,1,0.999314147602367
45,1,0.9999764197678557
53,1,0.9999584370975015
62,0,0.9980994667144387
73,1,0.9999132054147002
78,1,0.9999655414169308
98,0,0.012126144575270068
16,1,0.9979883682753966
21,1,0.999999801354012
25,1,0.4502462343597156
28,1,0.9998311606207558
40,1,0.998767444554812
48,0,0.7503698784964277
56,1,0.9998708041801692
63,1,0.9999999709260337
67,0,0.01481907259511501
68,1,0.9999557516092131
10,1,0.9985484806942437
20,1,0.9999341833804755
29,1,0.9998739400208304
35,1,0.9999679550956904
36,1,0.999999427814508
61,0,0.9558288248037126
65,1,0.9496234047410086
81,1,0.9999981448420651
96,1,0.9999781156538206
99,0,0.9999463084327567
18,1,0.93528476352065
27,1,0.5354043300343855
32,1,0.9996711119857716
55,1,0.9999986423517455
70,1,0.9999315645573505
72,0,0.3005066771248147
75,1,0.2963162792350196
76,1,0.9995390459901947
92,1,0.9991974698581367
97,0,0.1688051004793514
7,1,0.9999999876593889
12,1,0.9997040375183227
15,1,0.999511827523053
23,1,0.9992109479725237
38,1,0.9996157500456101
49,0,0.0738251154060905
51,1,0.9999998526955728
77,1,0.998936670443385
86,0,0.0017110560967524451
94,1,0.941382654858186
17,1,0.9881464418433145
33,1,0.9999999292300642
42,1,0.9219626200231689
54,1,0.9889460668092457
57,1,0.9998079954543715
69,1,0.7682281277843872
74,1,0.004416915738599284
87,1,0.6199854913450047
89,0,0.0031548144515569686
93,0,0.03571607836226309
