,y_true,y_pred
11,1,0.7571586519442497
14,1,0.9999994220969561
25,1,0.13781542938564745
33,1,0.21396570750355173
35,1,0.930913938268714
50,0,0.9925352100804407
51,0,0.10521129934808439
58,0,0.36485075927156874
81,0,0.20014398776108908
88,0,0.5636087796344235
13,1,0.9930326958724904
15,1,0.9813971132993007
20,1,0.13281134762367106
29,1,0.9481586943958616
45,1,0.16845910658989935
76,0,0.9414623342467174
84,0,0.6736145100588316
85,0,0.3959060263356361
90,0,0.8391328145984277
0,1,0.9999999278298647
10,1,0.9642973453107522
31,1,0.35888918861738994
40,1,0.9999995249902054
47,1,0.21348002072279804
54,0,0.9998661796593291
56,0,0.8033766816811582
70,0,0.8586638863235556
74,0,1.0
4,1,0.5164750460544325
9,1,0.7872263636882174
19,1,0.8723197897538735
21,1,0.4403666037622442
42,1,0.22595450864433717
64,0,0.1526920281372381
65,0,0.46210121195014453
82,0,0.6487007887432835
83,0,0.1678448985888929
22,1,0.6439576578322677
34,1,4.365123278540587e-06
38,1,0.6985937192602616
41,1,0.008548563866707035
44,1,0.5870669110157489
57,0,0.04333761642652586
61,0,0.9903903042579676
80,0,0.2593029295454245
87,0,0.4736366631099413
6,1,0.9583174400032549
7,1,7.195870487288738e-05
27,1,0.08086807130761599
30,1,0.9999853457856436
48,1,0.18736188028358564
53,0,0.7142620362178091
67,0,0.00035860611007780644
68,0,0.7553068420609349
75,0,0.2754304570967313
2,1,0.27924837971928623
8,1,0.9992817991718322
23,1,0.9999365675974792
24,1,0.9999980220705726
28,1,0.530178001455959
52,0,0.999999999999617
73,0,0.9999426280270124
86,0,0.06746936843185045
89,0,0.9323077856934796
1,1,0.4996523832228074
12,1,0.5835548127053618
32,1,0.410176592955094
37,1,0.2441965803663265
49,1,0.9993049812817844
59,0,0.19680198558759698
63,0,1.0
71,0,0.027886106306882628
78,0,0.0012998071645842076
16,1,0.9929494232816992
26,1,0.35311048289416824
36,1,0.9999993843765074
39,1,0.9755130543830454
46,1,0.9411042191182006
62,0,0.8430552649366458
66,0,0.9834668805121622
69,0,0.8471708701456883
79,0,0.06630488921395794
3,1,0.13201833558462547
5,1,0.999999999999982
17,1,0.9200668852509204
18,1,0.36614634068003044
43,1,0.7802918234388274
55,0,0.9958476425025505
60,0,0.5062498752616097
72,0,0.9574400524002031
77,0,0.5878461781158344
