,y_true,y_pred
0,0,0.0033845791116427285
11,0,0.0031617586057968885
12,1,0.4827705358853285
23,1,0.9999917327201646
40,1,0.9969813299517545
50,1,0.9999999994986712
7,1,0.9368390700944906
17,1,0.9758137342400302
20,0,2.2013985621582645e-11
22,1,0.004215961056904338
36,0,0.09098686608159745
3,1,0.980607417755116
5,0,0.006328015360516166
15,1,0.9634519615513063
32,1,0.01379330220743878
42,0,0.0001470131492064417
2,1,0.9997929377605951
4,1,0.9973745285100402
39,1,0.9934823192530152
46,0,0.7669894804387857
49,0,0.003345198913868485
14,1,0.999936136939649
18,0,0.0704659128312451
30,1,0.9143202935165353
31,1,0.08457919390806953
37,0,0.9987964197034316
8,1,0.000574821532339045
9,0,0.9987119747508223
26,1,0.999992222891404
33,1,0.9995039284815505
47,0,0.9772339832553014
1,1,0.9999977199897703
25,0,0.9996174448689362
35,1,0.999871692289165
43,1,4.7143867731731154e-05
44,0,0.03597759162925782
6,1,0.9999880672191581
21,1,0.9999999233214739
24,1,0.9799216114369601
27,0,0.2935515566512114
48,0,0.04096618580433252
16,1,0.9412909984630411
19,0,0.9999999999998315
29,0,0.0006280227341682086
38,1,0.9999999999726878
45,1,1.0
10,1,0.9999884807347363
13,1,0.9999864684669171
28,1,0.8951581574975948
34,1,0.014460447693595696
41,0,0.0035880705801118818
