,y_true,y_pred
1,1,0.7627610693571111
8,1,0.8567979800746613
14,0,0.7028044857154206
24,1,0.8541023466896421
34,1,0.85400032100582
43,1,0.7603671068036367
52,1,0.8440396758145337
80,1,0.8159643658271315
83,1,0.8025009154069493
91,0,0.7569133472859569
6,1,0.6310091063981698
9,1,0.8543357430728771
22,1,0.835955962674367
41,1,0.8639355088151535
47,0,0.8137988520693028
50,1,0.8649995027337642
58,1,0.8480066438409577
59,0,0.8658611411035383
71,1,0.8776557829833643
95,1,0.8689947808063961
2,1,0.8526777199295779
4,1,0.4557856926850392
19,0,0.8172443095307261
30,1,0.838253481982197
37,1,0.8999860714704119
44,1,0.7679617502568852
46,0,0.9217066600175472
82,1,0.9149323623102859
84,1,0.7683607769460608
90,1,0.8362899957594988
0,1,0.846957513457832
3,1,0.8244683933669489
5,1,0.8149245446763823
39,1,0.8457265803762282
60,1,0.8258818006207151
64,1,0.8388214977182269
66,1,0.8439518961202712
79,1,0.8405240787191077
85,0,0.672602073243206
88,0,0.837020020262791
11,1,0.9058263850003383
13,1,0.7823942891354765
26,1,0.8098402654238652
31,1,0.9064565701044756
45,1,0.9062524598714857
53,1,0.8676581729823029
62,0,0.6929188120271014
73,1,0.9069688145621358
78,1,0.5833827235199714
98,0,0.6137555372026205
16,1,0.8996720710197063
21,1,0.7710482428490084
25,1,0.9047053015248615
28,1,0.7433511917692716
40,1,0.806913472796437
48,0,0.8056128778531734
56,1,0.9046568885951525
63,1,0.8127784035104185
67,0,0.751903505091586
68,1,0.8941710618816516
10,1,0.8163965043597129
20,1,0.7697951468467964
29,1,0.7861489091905514
35,1,0.749551197290383
36,1,0.7900489083634757
61,0,0.7626969965648935
65,1,0.7665224760457856
81,1,0.7916040339984391
96,1,0.8355027111723355
99,0,0.7119549210996322
18,1,0.8283056113598127
27,1,0.8596049378935112
32,1,0.7818730611079313
55,1,0.8134158408415152
70,1,0.8890226186849326
72,0,0.8988656037515971
75,1,0.3306700890758269
76,1,0.5246139417892953
92,1,0.8694811999745162
97,0,0.851471659828186
7,1,0.8323364849984765
12,1,0.8922417205529725
15,1,0.7541929564541606
23,1,0.8801679808616503
38,1,0.7931736615998758
49,0,0.7629051902924651
51,1,0.8767467107199889
77,1,0.8155203258331726
86,0,0.6002173002038229
94,1,0.8731199927612355
17,1,0.8608410748553397
33,1,0.8574580625941615
42,1,0.7193793468417106
54,1,0.859766671950985
57,1,0.7601334433944373
69,1,0.8143520668115772
74,1,0.8323957317792081
87,1,0.7889731110992884
89,0,0.8252467139934859
93,0,0.6184677079646519
