,y_true,y_pred
11,1,0.9955695910806633
14,1,0.8894203429696601
25,1,0.8999906834722723
33,1,0.4856265072800095
35,1,0.9532356859434581
50,0,0.33882307226257574
51,0,0.05017261808226494
58,0,0.8877037470161826
81,0,0.526287622024862
88,0,0.8053002370408391
13,1,0.922068283622686
15,1,0.6803106441360999
20,1,0.9461044432233264
29,1,0.9968478951633154
45,1,0.4877623108662892
76,0,0.002811868971023332
84,0,0.9866959868150574
85,0,0.981613703362183
90,0,1.459696546170605e-06
0,1,2.2947916199841733e-06
10,1,0.6097850424083264
31,1,0.7081110018646801
40,1,0.9634813642991084
47,1,0.6029701994082459
54,0,0.0635888738712023
56,0,0.04011987196022002
70,0,0.48148253091466214
74,0,0.0006979478269021964
4,1,0.5115195658723592
9,1,0.13348641827356747
19,1,0.9158003433597817
21,1,0.04558526848429879
42,1,0.10991444107854823
64,0,0.9984027050973153
65,0,0.005905964123279655
82,0,0.9851370208585161
83,0,0.2899007131512759
22,1,0.9996057554097006
34,1,0.8028419873387127
38,1,0.018589989932923642
41,1,0.9999050919041025
44,1,0.06115080013958314
57,0,0.0006199432378079699
61,0,0.9998907592757795
80,0,0.1519883410235973
87,0,0.10930643595427045
6,1,0.996530547032397
7,1,0.8286504884250184
27,1,0.9628773723675546
30,1,0.3689844957141078
48,1,0.9236142785457702
53,0,0.6528974596286219
67,0,0.0002593255797184812
68,0,0.012332846346619589
75,0,0.9892487279113226
2,1,0.9970898655869016
8,1,0.9402218137317735
23,1,0.9713473061919927
24,1,0.9973151100423986
28,1,0.003914605718141347
52,0,0.9914855184845407
73,0,0.06508022000233542
86,0,0.012285440487423123
89,0,0.7795612875140827
1,1,0.9902367441922958
12,1,0.2740868707526309
32,1,0.9938965252763313
37,1,0.9854749173455241
49,1,0.8457429735940217
59,0,0.9936882559745847
63,0,0.904078609587774
71,0,0.0031989030787030076
78,0,0.16497579315470612
16,1,0.018331845032640185
26,1,0.4177597712548121
36,1,0.46182134614917575
39,1,0.9988947650987442
46,1,0.002014984831420735
62,0,0.9999969709395876
66,0,0.876782346036559
69,0,0.06823148274622372
79,0,0.9193330077322444
3,1,0.999692849916238
5,1,0.9997730042674002
17,1,0.005972591455361565
18,1,0.12899866094086956
43,1,0.3730714650272762
55,0,0.00109819780394752
60,0,0.9921035506624899
72,0,0.007899661359718107
77,0,0.9451616128012256
