,y_true,y_pred
1,1,0.9795726026325006
8,1,0.7333384164715483
14,0,0.5663150230783217
24,1,0.975917057282405
34,1,0.9827408237195557
43,1,0.9659000075664994
52,1,0.9353607533184476
80,1,0.9818931716152314
83,1,0.9544295575286114
91,0,0.47641850794105484
6,1,0.8799639154644012
9,1,0.8947858199003389
22,1,0.532516555654214
41,1,0.9120961491057203
47,0,0.05756883623885196
50,1,0.9706686920286681
58,1,0.9475075377937171
59,0,0.6044397845237689
71,1,0.9622044174770363
95,1,0.8198547049874687
2,1,0.9341562502442434
4,1,0.9602864108070541
19,0,0.9253919000050795
30,1,0.6351976901234532
37,1,0.9927681241628022
44,1,0.9693349278979294
46,0,0.2020993552745988
82,1,0.9886905784707445
84,1,0.9827188534511112
90,1,0.8984829255979118
0,1,0.8359600682975621
3,1,0.637156411715982
5,1,0.8139188564746994
39,1,0.8722145935042752
60,1,0.9856076849046951
64,1,0.9772284865812719
66,1,0.9819990263075228
79,1,0.9770496452718652
85,0,0.03885552400813443
88,0,0.18404509395774926
11,1,0.9757774745368927
13,1,0.4118179149260986
26,1,0.5811626132976161
31,1,0.9832227085726497
45,1,0.8048115123264434
53,1,0.9906188487538574
62,0,0.8677339622567292
73,1,0.9831902347576508
78,1,0.4416897440924664
98,0,0.10569579755563471
16,1,0.9850013172218455
21,1,0.9738939443498361
25,1,0.4140534149580245
28,1,0.993524932332111
40,1,0.9240278094835884
48,0,0.6508700657753674
56,1,0.9907184938520518
63,1,0.9332528532772686
67,0,0.31358659183260923
68,1,0.9927892266115464
10,1,0.9491943843990829
20,1,0.8218578122446031
29,1,0.9871527914376046
35,1,0.962185139201045
36,1,0.9293895079661327
61,0,0.9086971158840759
65,1,0.8263890043887719
81,1,0.9538467487370519
96,1,0.9151777254797332
99,0,0.8043205488472446
18,1,0.8627181933684194
27,1,0.646510273767369
32,1,0.9926679308329212
55,1,0.942050691239755
70,1,0.9904152038800912
72,0,0.5
75,1,0.3765316315589758
76,1,0.9641424875929042
92,1,0.98776960152749
97,0,0.34161732989432986
7,1,0.5845613979476999
12,1,0.9762720188562057
15,1,0.9781598951078294
23,1,0.9889903914296139
38,1,0.9321965761688944
49,0,0.33887924783910783
51,1,0.9663053346498863
77,1,0.8264440220968903
86,0,0.043946820288023554
94,1,0.9406955428099075
17,1,0.9529858191392946
33,1,0.9386011031776738
42,1,0.9508457319988682
54,1,0.8462757890551205
57,1,0.9466113463996335
69,1,0.7966903146869748
74,1,0.19249355271339227
87,1,0.8611056238411946
89,0,0.13273962704284567
93,0,0.5526622951442143
