,y_true,y_pred
1,1,0.8816784425549699
8,1,0.7498269383070018
14,0,0.08720567025240343
24,1,0.954846062139884
34,1,0.7575931722853368
43,1,0.5903809940272625
52,1,0.8452405361888119
80,1,0.9310357110675593
83,1,0.8801616501892158
91,0,0.18817587890589285
6,1,0.8943771505182972
9,1,0.9456678784009657
22,1,0.9375339120401381
41,1,0.9097494685229586
47,0,0.08057438122647162
50,1,0.9361174008239483
58,1,0.9430091256176061
59,0,0.8901280024150902
71,1,0.9623181962385609
95,1,0.8855765609097375
2,1,0.9008315636314017
4,1,0.45239103335831726
19,0,0.9590512015492375
30,1,0.9450107531724017
37,1,0.959230305589117
44,1,0.9673898450142825
46,0,0.8438553184707863
82,1,0.9325746022272697
84,1,0.9575014060472801
90,1,0.9224485600834025
0,1,0.9373147745102842
3,1,0.40579832543926747
5,1,0.8726552455295467
39,1,0.5192415302248222
60,1,0.8931695393861884
64,1,0.9083631002852196
66,1,0.9147922330141184
79,1,0.8489557378678063
85,0,0.8318054588835566
88,0,0.36790720195180837
11,1,0.8696686587443451
13,1,0.7306595204347388
26,1,0.8558053760584609
31,1,0.8755194298656772
45,1,0.7674300391964533
53,1,0.8900292936935573
62,0,0.8317031926520078
73,1,0.8665601593724327
78,1,0.29007586581075195
98,0,0.2516119170771163
16,1,0.9204119601713148
21,1,0.9631987868435028
25,1,0.9347061996483171
28,1,0.9510451008976282
40,1,0.9390796362807735
48,0,0.5962416640326469
56,1,0.9424302284251576
63,1,0.9024398084868472
67,0,0.5165781021809694
68,1,0.9320244869015465
10,1,0.9354753815752721
20,1,0.9120860018382851
29,1,0.9448047196487197
35,1,0.9404026659487216
36,1,0.960403208469035
61,0,0.810343560025906
65,1,0.8819487066020402
81,1,0.8467952134715285
96,1,0.6483404150248088
99,0,0.8677168136057797
18,1,0.9393744142436572
27,1,0.6574914658205767
32,1,0.9208315694321484
55,1,0.8574454034658473
70,1,0.9355120132875476
72,0,0.19445083789554835
75,1,0.7764586014693579
76,1,0.7762529557179919
92,1,0.9341886221550113
97,0,0.6053065350026667
7,1,0.9503363402371967
12,1,0.9534564261550097
15,1,0.9488377896710374
23,1,0.8489499659359693
38,1,0.9150420758169514
49,0,0.19902430740064092
51,1,0.7999320615687521
77,1,0.8224709558999542
86,0,0.8194495758397643
94,1,0.9159881673580592
17,1,0.9266719556414293
33,1,0.9156944234911296
42,1,0.5
54,1,0.47536813741972156
57,1,0.8549645549231071
69,1,0.6521676586981577
74,1,0.8238026151248262
87,1,0.8650428880650416
89,0,0.3075154603990525
93,0,0.18687500032020815
