,y_true,y_pred
1,1,0.5589168774651603
8,1,0.8484795193139516
14,0,0.8747231366555075
24,1,0.9572073181526649
34,1,0.618201144837391
43,1,0.8953644066554692
52,1,0.40605495801944647
80,1,0.7876158485391526
83,1,0.9585253956113311
91,0,0.6939237096510459
6,1,0.5262056395463676
9,1,0.6068563089911055
22,1,0.8449141741166616
41,1,0.592921675900052
47,0,0.4127486463766929
50,1,0.8053807569249104
58,1,0.8733940109436339
59,0,0.8685441202871783
71,1,0.6878471929089126
95,1,0.7979624167777901
2,1,0.6578083063007689
4,1,0.9182016405556734
19,0,0.7590498957261946
30,1,0.9303569641118512
37,1,0.7222503348701697
44,1,0.596994475898366
46,0,0.5290114642487527
82,1,0.9066822211621416
84,1,0.9397021677842045
90,1,0.5052922462970203
0,1,0.638787887161026
3,1,0.6512614544856374
5,1,0.6811719855354977
39,1,0.8407552805289484
60,1,0.6632286565734119
64,1,0.645027539650876
66,1,0.6617623041860944
79,1,0.9960114051485932
85,0,0.7601625319205692
88,0,0.6483670581241266
11,1,0.8155716039528267
13,1,0.8270660441399765
26,1,0.8167145369242511
31,1,0.8232762315556086
45,1,0.010970944260033363
53,1,0.8175799091196221
62,0,0.2307826007850306
73,1,0.8319389042807512
78,1,0.9187291681787455
98,0,0.8346894874324593
16,1,0.7593544776983806
21,1,0.8246620374014766
25,1,0.7333755493087238
28,1,0.7093486853153272
40,1,0.7338614119632764
48,0,0.691922741791734
56,1,0.7593544776983806
63,1,0.7960520658127442
67,0,0.8611955317690478
68,1,0.717418013465482
10,1,0.8602013948750558
20,1,0.8377076719535462
29,1,0.9356734956075893
35,1,0.9195456183116963
36,1,0.9677360239656025
61,0,0.8207074828947364
65,1,0.7720018950199481
81,1,0.7964324396583865
96,1,0.7092492152336347
99,0,0.9105395694934714
18,1,0.8917803169241245
27,1,0.855855562467526
32,1,0.9006415447377598
55,1,0.987729202294005
70,1,0.9821360119994998
72,0,0.8583952131779338
75,1,0.3070376230282111
76,1,0.9413039952382312
92,1,0.9196040134778959
97,0,0.8321814765215305
7,1,0.8424401904827056
12,1,0.8333821235835571
15,1,0.8306979551872288
23,1,0.8772069999905954
38,1,0.8446795953947873
49,0,0.8848461187896376
51,1,0.8279568456632753
77,1,0.8414828700338954
86,0,0.846288943677205
94,1,0.8356086251157533
17,1,0.8036141812151937
33,1,0.9160373130073122
42,1,0.7683229600217301
54,1,0.8323780560695065
57,1,0.7675530977742533
69,1,0.8469241621851664
74,1,0.1211697091735868
87,1,0.7753902800819635
89,0,0.2998204142735111
93,0,0.8541819400428734
