,y_true,y_pred
0,0,0.14093799795566303
11,0,0.12039200620282771
12,1,0.4902657290695475
23,1,0.7023452684453827
40,1,0.747304490208967
50,1,0.8588493333930578
7,1,0.745259138568853
17,1,0.5
20,0,0.7585880914656303
22,1,0.6877582259369499
36,0,0.3511916057585441
3,1,0.6745974320112645
5,0,0.2434265108175963
15,1,0.8668137362090452
32,1,0.6514079608269863
42,0,0.037228811578377256
2,1,0.8567068522579421
4,1,0.8635307742734024
39,1,0.8078491551154579
46,0,0.5123114808268736
49,0,0.7145993224388777
14,1,0.8973641776883639
18,0,0.2874514890859198
30,1,0.6502965661378384
31,1,0.2580448702852285
37,0,0.7875669172211077
8,1,0.7279480531773718
9,0,0.41241491827836085
26,1,0.8245347210874437
33,1,0.8039542958536531
47,0,0.7049392017825488
1,1,0.8588350610547894
25,0,0.831976135182548
35,1,0.9476313232992502
43,1,0.1454211497264945
44,0,0.286845845705794
6,1,0.8007664598547772
21,1,0.70948940730935
24,1,0.6810145902487891
27,0,0.33158772742747145
48,0,0.4726536878158315
16,1,0.6243084449957731
19,0,0.2777308877429465
29,0,0.3688568026761912
38,1,0.8375694338717385
45,1,0.7972526588022291
10,1,0.7495352492306898
13,1,0.8785166173637954
28,1,0.6924881362004892
34,1,0.46640373257834983
41,0,0.47788151199857626
