,y_true,y_pred
1,1,0.917145221216327
8,1,0.8312303605116204
14,0,0.5112669259233624
24,1,0.9430377462216659
34,1,0.9379068343727058
43,1,0.646797582674066
52,1,0.833984228429971
80,1,0.8941333991021643
83,1,0.9250900595052398
91,0,0.14910489379036593
6,1,0.6635734826994932
9,1,0.7384299378949498
22,1,0.8914188835713668
41,1,0.8785604835412489
47,0,0.7726350352229223
50,1,0.894108552818534
58,1,0.896264537045183
59,0,0.8892767665245883
71,1,0.9116806346160167
95,1,0.8269368050887369
2,1,0.9721926286192089
4,1,0.6216197143973742
19,0,0.9751190842641173
30,1,0.8953729653232383
37,1,0.9883311826163059
44,1,0.9500053451557727
46,0,0.9322575128271998
82,1,0.993528051778195
84,1,0.9798656344279114
90,1,0.9310404327101943
0,1,0.89226713767069
3,1,0.23402537846027072
5,1,0.9565247531283665
39,1,0.870994358779191
60,1,0.9580711482402421
64,1,0.9165210909554349
66,1,0.9232181382500881
79,1,0.538696572685759
85,0,0.9342076705294278
88,0,0.836853172161837
11,1,0.9361526716164034
13,1,0.5241798927931987
26,1,0.8894492801834432
31,1,0.9723411212994535
45,1,0.5571000825102932
53,1,0.9441787377168288
62,0,0.9609810186347855
73,1,0.8879443009967796
78,1,0.14142783957739213
98,0,0.6225244109870494
16,1,0.9201044208163581
21,1,0.8281143742941945
25,1,0.7441362434684584
28,1,0.9366470654658972
40,1,0.8783436137866856
48,0,0.7929307609913201
56,1,0.9283881558406457
63,1,0.8664372437218452
67,0,0.5
68,1,0.9343789293293917
10,1,0.7576605195695146
20,1,0.9585665026622368
29,1,0.9918221399665308
35,1,0.9240727208549665
36,1,0.9738932879146069
61,0,0.9754232594795086
65,1,0.9314366210180604
81,1,0.8774183373489464
96,1,0.9031808791351013
99,0,0.981839466658766
18,1,0.9206948267769969
27,1,0.45971661790646917
32,1,0.9432133035558548
55,1,0.8313713728563106
70,1,0.9630327476484812
72,0,0.8610081804811317
75,1,0.24476800406584814
76,1,0.7745552087323995
92,1,0.970524557879669
97,0,0.3681841790617487
7,1,0.7640718866735866
12,1,0.8133899982901002
15,1,0.9616676461753876
23,1,0.9005987422797829
38,1,0.8233042944273357
49,0,0.7298963156644286
51,1,0.7988638446854606
77,1,0.8729137194204939
86,0,0.6296334407297782
94,1,0.8513284831594207
17,1,0.9776638956913588
33,1,0.7429808031159396
42,1,0.15498659348114024
54,1,0.016211552904373754
57,1,0.8176444638825807
69,1,0.02149849022630945
74,1,0.5
87,1,0.8805192211833891
89,0,0.6710446790142419
93,0,0.6123772346287432
