,y_true,y_pred
11,1,0.9724713542256845
14,1,0.329762846287014
25,1,0.9351561716520504
33,1,0.012949264043182246
35,1,0.837410609364807
50,0,0.9460539483023093
51,0,0.914944271589542
58,0,0.41569698476048983
81,0,0.9888144040402721
88,0,0.8384443142299777
13,1,0.6292958315369898
15,1,0.751490266416335
20,1,0.06120584181584638
29,1,0.9154221795805587
45,1,0.003416834881313312
76,0,0.9996724594105
84,0,0.9992366935871488
85,0,0.19291485382637194
90,0,0.6608427260828174
0,1,0.9969615892753225
10,1,0.7652950878425793
31,1,0.572976103836894
40,1,0.7263748647322518
47,1,0.4283913776931088
54,0,0.9988277707642575
56,0,0.5362101510295771
70,0,0.7557061179751239
74,0,0.01642971306739516
4,1,0.10136866144396671
9,1,0.13900972762761998
19,1,0.29348474747683184
21,1,0.14197823548925376
42,1,0.5967898355002436
64,0,0.01134105170212754
65,0,0.0018296564369421594
82,0,0.7729015681068083
83,0,0.09168342391112813
22,1,0.9743557406733597
34,1,1.3674557026601907e-11
38,1,0.9978839904570164
41,1,3.651631452513663e-07
44,1,0.007438966472069153
57,0,0.9996560462536672
61,0,0.8672294143174323
80,0,7.98310509960789e-05
87,0,0.10292325192300526
6,1,0.4345041096152144
7,1,0.594992827749417
27,1,0.5960523093425959
30,1,0.7094643203626194
48,1,0.3315659516045515
53,0,0.402209472136015
67,0,0.9993879095565416
68,0,0.5920051896964488
75,0,0.5542677274840132
2,1,0.17407951279554348
8,1,0.9961112570781565
23,1,0.1297807813569262
24,1,0.9999538294486754
28,1,0.9737018579285319
52,0,0.9999993461755534
73,0,0.9999998135336979
86,0,0.29279806695751104
89,0,0.9995087829990785
1,1,5.628575990688581e-06
12,1,0.4364602076506497
32,1,0.955700166759945
37,1,0.9693218986045179
49,1,0.8911241990698008
59,0,0.8817607199370342
63,0,3.1549912363825517e-24
71,0,0.7139345968139731
78,0,0.04590000999391176
16,1,0.999801347952796
26,1,0.9990523819961405
36,1,0.7203471883097878
39,1,0.9999234188823957
46,1,0.5148204423703859
62,0,0.3763804181674499
66,0,0.9993698805765275
69,0,0.9999953002755723
79,0,0.031135638865149015
3,1,0.9999960198449455
5,1,4.6191718312562135e-43
17,1,0.7711508003974068
18,1,0.638982212639274
43,1,0.799241395733161
55,0,0.002325026965127291
60,0,0.8119418376723587
72,0,0.001260925780709952
77,0,0.8702442443073022
