,y_true,y_pred
0,0,0.006419849068059613
11,0,0.008209003403625863
12,1,0.004899723994635524
23,1,0.021756369037377474
40,1,0.007013376929454285
50,1,1.0
7,1,0.9821276776126414
17,1,0.02509937382503798
20,0,1.0
22,1,0.2319359706233766
36,0,0.05776198905797276
3,1,0.9910453465288374
5,0,0.060507888958579906
15,1,0.24562493347962963
32,1,0.07025574455823722
42,0,0.04831971255440638
2,1,0.999999999999261
4,1,0.9999506357740137
39,1,0.18117152503459208
46,0,0.029347964190186007
49,0,0.02984336417970459
14,1,1.0
18,0,0.09363603126682664
30,1,0.20986693447055127
31,1,0.09945597513745594
37,0,0.2991439417984178
8,1,0.000251907127275622
9,0,0.9998258219248398
26,1,1.0
33,1,0.02415246593030417
47,0,1.0
1,1,0.3013464089729069
25,0,0.36805613668607673
35,1,0.3901055108750631
43,1,0.30017478115193813
44,0,0.2867985462738238
6,1,0.05689696438748925
21,1,2.0215379868566818e-10
24,1,0.02392165093069497
27,0,0.02211185553029992
48,0,0.022273747999023635
16,1,0.02255559054985823
19,0,0.040596700800816794
29,0,0.01971276489521521
38,1,1.0
45,1,0.999981989996688
10,1,1.0
13,1,1.0
28,1,0.8416223943188879
34,1,0.03880975444698281
41,0,0.024069999030022975
