,y_true,y_pred
11,1,0.7261181240255152
14,1,0.44120687596476493
25,1,0.8021854417369437
33,1,0.9969342865640061
35,1,0.9365180994318326
50,0,0.01066653325816842
51,0,0.8521871114044571
58,0,0.09155778644025303
81,0,0.8419540075555624
88,0,0.03340268093934688
13,1,0.44823514314759405
15,1,0.9818803895947119
20,1,0.0507149486063995
29,1,0.3675505407957358
45,1,0.021122345100312724
76,0,0.9998629360921915
84,0,0.6148688761580162
85,0,0.0007431867474827924
90,0,0.9968369758092305
0,1,0.6960363394984254
10,1,0.9014904662417217
31,1,0.49301007007182845
40,1,0.9999301397990739
47,1,0.6638502288573551
54,0,0.7232482153213186
56,0,0.918762138105907
70,0,0.9982040104057824
74,0,2.1462092748716976e-06
4,1,0.4164018104529253
9,1,0.4796524239245307
19,1,0.999725443458532
21,1,0.5420173868318233
42,1,0.938091213029229
64,0,0.9784561502276726
65,0,0.7597588345740622
82,0,0.9709579845106651
83,0,0.8494093265833006
22,1,0.9621760848636676
34,1,0.00019542616936722804
38,1,0.02260755186353626
41,1,0.051923382640028576
44,1,0.7443275874163249
57,0,0.9456441816556211
61,0,0.0020613056650077574
80,0,1.6565902448188986e-09
87,0,0.5983549382398166
6,1,0.6142326246656021
7,1,0.03621447994040487
27,1,0.6179976111536528
30,1,0.2974744023903766
48,1,0.026952001414053753
53,0,2.000576896611397e-08
67,0,0.9999980298781315
68,0,0.31868096499752446
75,0,0.4983747584755948
2,1,0.9091917352146275
8,1,0.6975443694316685
23,1,0.8648587083029593
24,1,0.9935416186255718
28,1,0.015976781819150243
52,0,1.9797921979293987e-05
73,0,0.9988910333174361
86,0,0.000558721448914764
89,0,0.9999234008470226
1,1,0.06918565670626305
12,1,0.16462633918282715
32,1,0.9656155016101208
37,1,0.17971153406619914
49,1,0.9997015276527618
59,0,0.7463738470259139
63,0,6.676619959198903e-07
71,0,0.9204345447381054
78,0,8.36098451601938e-05
16,1,0.7184589367915523
26,1,0.9934308277749339
36,1,0.8957228877734271
39,1,0.9748731455485472
46,1,0.2717072733602825
62,0,0.3474320553339043
66,0,0.9927329738416959
69,0,0.9746876897216009
79,0,3.944939769301908e-06
3,1,0.4616411901207649
5,1,0.9999998797333549
17,1,0.83459260706029
18,1,0.9720188926693833
43,1,0.9487232954181489
55,0,0.014846917109676701
60,0,0.28603300014494404
72,0,0.698939073560115
77,0,0.4727317983614511
