,y_true,y_pred
0,0,0.6142201434558267
11,0,0.6023022860439445
12,1,0.5911622578778633
23,1,0.6291233838803926
40,1,0.6291548428179277
50,1,0.6292612613115639
7,1,0.653872094865471
17,1,0.7501543202488635
20,0,0.6913682679983052
22,1,0.6535124151401949
36,0,0.6538840712890318
3,1,0.6160878032664111
5,0,0.6201935731136462
15,1,0.6205571667453782
32,1,0.6200881866288731
42,0,0.6242388444645132
2,1,0.5885947071295606
4,1,0.5885496097994521
39,1,0.5885273247517111
46,0,0.5909618306809408
49,0,0.5911082841570462
14,1,0.6473326853166363
18,0,0.619970526900316
30,1,0.6377189982361772
31,1,0.5838341815589287
37,0,0.6313109161879756
8,1,0.6396090670480086
9,0,0.7693720454245786
26,1,0.7884932340319376
33,1,0.5912749045138916
47,0,0.789000369135466
1,1,0.621260280069727
25,0,0.6214100950852913
35,1,0.6211408399360617
43,1,0.6186263097441084
44,0,0.6601426819571095
6,1,0.6464566318785524
21,1,0.648012518813876
24,1,0.6216348175179203
27,0,0.6453500078208223
48,0,0.6461242188538571
16,1,0.48983544233169757
19,0,0.6886184811480031
29,0,0.6690679055214561
38,1,0.6883460805014859
45,1,0.6213332421797476
10,1,0.44058508411734193
13,1,0.6617799473853597
28,1,0.6047070450585685
34,1,0.6321327229437304
41,0,0.6607266161959914
