,y_true,y_pred
1,1,0.3314781537332383
8,1,0.258654026036466
14,0,0.16341690245349821
24,1,0.6983634664872465
34,1,0.14924952131100033
43,1,0.1472391978852643
52,1,1.0
80,1,0.8223517091725588
83,1,0.48713640493134985
91,0,0.17863026540238205
6,1,0.5120694193021665
9,1,0.9830622860318599
22,1,0.9481053981249561
41,1,0.9879229774966175
47,0,0.1439211511575293
50,1,0.642558998946942
58,1,0.7889628865361815
59,0,0.722921719272013
71,1,0.9953639974599943
95,1,0.6202636696672864
2,1,0.6690159033217143
4,1,0.07655113370947543
19,0,0.38354610592258565
30,1,0.8965151609826326
37,1,0.8481910515004619
44,1,0.5482038280580758
46,0,0.8294398420492058
82,1,0.48617369099901636
84,1,0.7333940896184333
90,1,0.9998958403849719
0,1,0.9862419960839516
3,1,0.31836463036254414
5,1,1.0
39,1,0.19499154696606627
60,1,0.9983790311055772
64,1,1.0
66,1,0.8987000177810034
79,1,0.24987485170782534
85,0,0.2591269089628734
88,0,0.18896017890746059
11,1,0.9988607452815386
13,1,0.10374687827131875
26,1,0.9999999769934182
31,1,0.5443319393868108
45,1,0.703070417419331
53,1,0.9999904622398244
62,0,0.9680030541175398
73,1,1.0
78,1,0.6201498551450025
98,0,0.11832388254652323
16,1,0.4100424792853951
21,1,0.1589165805561439
25,1,0.9941596455051677
28,1,0.4242165022024082
40,1,0.536583515587991
48,0,0.2115637962055832
56,1,0.28363522551952575
63,1,1.0
67,0,0.22617254379399251
68,1,0.9839249027721704
10,1,0.999444577968467
20,1,0.9997069992556145
29,1,0.8939195294572574
35,1,0.9999997234329094
36,1,0.275193371187475
61,0,0.14800914170573257
65,1,0.994078163849542
81,1,0.14275746588312124
96,1,0.24778287286155615
99,0,0.16485389301403996
18,1,0.7081297676106068
27,1,0.18075579060670519
32,1,0.48217684146707157
55,1,1.0
70,1,0.9999959694609517
72,0,0.14967581806244704
75,1,1.0
76,1,1.0
92,1,0.9055102009454833
97,0,0.24537126872696174
7,1,0.9840447330576427
12,1,0.29763751579515213
15,1,0.4784550616353956
23,1,0.9999999999999805
38,1,0.42244756473594447
49,0,0.11873050477972721
51,1,1.0
77,1,0.6411972507396568
86,0,0.37731698796394525
94,1,0.9889347519634997
17,1,0.9817136057111281
33,1,0.5763476629559845
42,1,0.1095965332826806
54,1,0.181873035140518
57,1,0.8837717376832854
69,1,0.08784976846127734
74,1,0.41138733131534433
87,1,0.8736155853535029
89,0,0.45588041144355707
93,0,0.10006421053052332
