,y_true,y_pred
0,0,0.5233452367671381
11,0,0.42453089961554163
12,1,0.7498889334624437
23,1,0.9933024710120576
40,1,0.5653289345014197
50,1,0.8399735363330187
7,1,0.8332806959970634
17,1,0.8013782005006276
20,0,0.9019551023329326
22,1,0.7873642926807979
36,0,0.3393290443234637
3,1,0.5133489453479089
5,0,0.3776753184210683
15,1,0.668542078274387
32,1,0.8109960130495456
42,0,0.3012997546178702
2,1,0.5341524617502715
4,1,0.6020861566108452
39,1,0.6345685224990454
46,0,0.5579198759924472
49,0,0.5401412029592564
14,1,0.8859512726075375
18,0,0.4613166492277733
30,1,0.6005237728878264
31,1,0.5376332379135719
37,0,0.7341793387161039
8,1,0.47525536756665115
9,0,0.9587625775913412
26,1,0.5592237427499072
33,1,0.7048536612189016
47,0,0.7415622147655457
1,1,0.49099271924934434
25,0,0.40058271684140834
35,1,0.9289470471489796
43,1,0.7194700219937314
44,0,0.4633731655673668
6,1,0.895273052834313
21,1,0.8595770270970722
24,1,0.722700582981594
27,0,0.45697806571317207
48,0,0.44259459571167253
16,1,0.5209498649370992
19,0,0.6019664834421841
29,0,0.3788107022604537
38,1,0.6091217388772512
45,1,0.9999982611003733
10,1,0.6334205199439448
13,1,0.8082091688263617
28,1,0.4900623676865118
34,1,0.48646633760534114
41,0,0.4516245758764594
