,y_true,y_pred
11,1,0.5460383547290171
14,1,0.6994576889001511
25,1,0.5990881505719412
33,1,0.4590560420264652
35,1,0.5812695897560031
50,0,0.6468538419778491
51,0,0.4553169400349163
58,0,0.6342114758835525
81,0,0.623553862322026
88,0,0.45239272096305355
13,1,0.6473270375892808
15,1,0.48493532616428436
20,1,0.5346911560564227
29,1,0.6643245029052535
45,1,0.4850796262448976
76,0,0.48002341953716354
84,0,0.5375822132433363
85,0,0.5355758887389382
90,0,0.4850476267712013
0,1,0.5478554512190952
10,1,0.5519554908504796
31,1,0.5443411822815872
40,1,0.5567113054618514
47,1,0.5436030664916156
54,0,0.5527775944722814
56,0,0.5561952380400469
70,0,0.5565741278121852
74,0,0.5401243225561285
4,1,0.6102463874589525
9,1,0.5284979780146607
19,1,0.5769158361361181
21,1,0.5365908886505444
42,1,0.4791134494643261
64,0,0.4747881428656598
65,0,0.44724902610622164
82,0,0.6044189593526521
83,0,0.47560046694569336
22,1,0.4916765729593013
34,1,0.5
38,1,0.5
41,1,0.5
44,1,0.5
57,0,0.5
61,0,0.5
80,0,0.5
87,0,0.492035761760432
6,1,0.5991233952830887
7,1,0.5677815697406358
27,1,0.5804328036763851
30,1,0.5644486871516404
48,1,0.5252171265050982
53,0,0.5069733240074936
67,0,0.5707452370332584
68,0,0.5555273131767339
75,0,0.5322198051604058
2,1,0.5671781658548499
8,1,0.5660067164828977
23,1,0.5719209134301724
24,1,0.5781266433564274
28,1,0.5120361485444918
52,0,0.5083081084344079
73,0,0.5653540489846676
86,0,0.5309273718395718
89,0,0.5624220874617855
1,1,0.549441072011446
12,1,0.5489151396293271
32,1,0.5478697228986519
37,1,0.5467779344181921
49,1,0.5481545045385382
59,0,0.548066633894593
63,0,0.550174805980216
71,0,0.5500833767377094
78,0,0.5502476248870359
16,1,0.5
26,1,0.48891538350634917
36,1,0.4947878596799403
39,1,0.4908447341305548
46,1,0.5
62,0,0.5
66,0,0.49384229958901205
69,0,0.49454035666997304
79,0,0.5
3,1,0.5093745564693528
5,1,0.509799970333008
17,1,0.5
18,1,0.5
43,1,0.49223577615599
55,0,0.5107143659592279
60,0,0.5
72,0,0.5
77,0,0.5
