,y_true,y_pred
1,1,0.9999879071992103
8,1,0.4172206598393074
14,0,0.04333254628911898
24,1,0.9999922658974517
34,1,0.9999993959185929
43,1,0.9999855104323527
52,1,0.005385533484035729
80,1,0.9577890348549852
83,1,0.6833053423217416
91,0,0.46211774149725393
6,1,0.5919553884184191
9,1,0.5715666838180551
22,1,0.24683554147109096
41,1,0.2561447897692175
47,0,0.8507931675676025
50,1,0.9900424229047884
58,1,0.5502699005990898
59,0,0.6156493408946356
71,1,0.8323340456655042
95,1,0.0466127310426899
2,1,0.6242612103579145
4,1,0.13455703756715356
19,0,0.5788704735022279
30,1,0.3833278157985119
37,1,0.9931233636757529
44,1,0.7440644514675179
46,0,0.3617246015171833
82,1,0.9761384946693387
84,1,0.7981510800810938
90,1,0.30029802735585337
0,1,0.9719653042140048
3,1,0.20325310291405135
5,1,0.1909432288457265
39,1,0.3613758825662184
60,1,0.5949649329953272
64,1,0.527859961170599
66,1,0.45213310019808395
79,1,0.8130845035988543
85,0,0.7162317875404599
88,0,0.2546106565479078
11,1,0.7628053522356959
13,1,0.6355078042534665
26,1,0.5627949249502022
31,1,0.8571652082258235
45,1,0.738214067710623
53,1,0.7554303019029471
62,0,0.8594859578647221
73,1,0.8948464599440775
78,1,0.754351265048466
98,0,0.7416310893065856
16,1,0.9115579399696128
21,1,0.7902925433497451
25,1,0.35137978455555746
28,1,0.5462364935837155
40,1,0.6566273831031246
48,0,0.6490692003604281
56,1,0.4225599909120557
63,1,0.7231389827678321
67,0,0.3506207751521161
68,1,0.7300442078407867
10,1,0.6355208527286391
20,1,0.4576249534227631
29,1,0.9645612765277893
35,1,0.4408624209763998
36,1,0.6516194240591103
61,0,0.7621683725437404
65,1,0.37878488477793476
81,1,0.40014013276192933
96,1,0.5976685421141924
99,0,0.9248901200832655
18,1,0.7991614006665207
27,1,0.8004263261322666
32,1,0.7986855684408414
55,1,0.7958627501891742
70,1,0.7990823152614431
72,0,0.7991639123510118
75,1,0.8038791074953857
76,1,0.8038791074953857
92,1,0.7986699001124693
97,0,0.8049001222714421
7,1,0.3344447620093119
12,1,0.9280947722914709
15,1,0.9534343968290105
23,1,0.9690321840409462
38,1,0.8807869383092715
49,0,0.8866150277476426
51,1,0.8104903656116855
77,1,0.916521468536581
86,0,0.8104903656099914
94,1,0.8955151456815005
17,1,0.718346517340506
33,1,0.6439086713213478
42,1,0.44774320663576544
54,1,0.5
57,1,0.8500856772874898
69,1,0.7342314305410736
74,1,0.7714189541881319
87,1,0.28995770794857423
89,0,0.5552778672288371
93,0,0.7743225512611337
