,y_true,y_pred
1,1,0.9909884448078812
8,1,0.9731150732099532
14,0,0.11074754609543336
24,1,0.9968801539386163
34,1,0.9255247557981097
43,1,0.9635153925922193
52,1,0.6460228345645478
80,1,0.991680183412295
83,1,0.9973372175823475
91,0,0.19191861681274525
6,1,0.7595756028755243
9,1,0.8990936983296001
22,1,0.9456980213961611
41,1,0.9102904905411892
47,0,0.6038473970470173
50,1,0.9955409217747011
58,1,0.9752813314833002
59,0,0.25043822927439824
71,1,0.9828177107113799
95,1,0.8915793088564165
2,1,0.9350363471295018
4,1,0.6572973448106776
19,0,0.35770369975320077
30,1,0.8782067771009957
37,1,0.9868348184645841
44,1,0.7762439539186967
46,0,0.3678489699438413
82,1,0.9939226505452097
84,1,0.9139790563224984
90,1,0.35423961152503475
0,1,0.045417985147415366
3,1,0.9829132604358476
5,1,0.9161281514172478
39,1,0.9941669519414352
60,1,0.9999865948859482
64,1,0.8795482817663539
66,1,0.9904265398298192
79,1,0.9999898506024775
85,0,0.07592374601265367
88,0,0.5
11,1,0.9960026915999172
13,1,0.9936886580155136
26,1,0.8995121901658139
31,1,0.9999917145682832
45,1,0.8746757287126959
53,1,0.9955459276720202
62,0,0.47627415807965284
73,1,0.9971557209241386
78,1,0.30883176391058176
98,0,0.4318931105120265
16,1,0.9798476577326959
21,1,0.9799846839946762
25,1,0.9517911548254672
28,1,0.9919124942392501
40,1,0.8350006052024553
48,0,0.39556351378371746
56,1,0.9365525490479388
63,1,0.8835256876671964
67,0,0.2099835918160575
68,1,0.9899981921554328
10,1,0.8906893687909018
20,1,0.914398744895161
29,1,0.8720551585750382
35,1,0.8997067675444125
36,1,0.9824614938317024
61,0,0.11476516109787477
65,1,0.9675509571110497
81,1,0.9930618522901096
96,1,0.9561450679917335
99,0,0.6309634423821927
18,1,0.9799479129973488
27,1,0.9227725245775678
32,1,0.9999967905631467
55,1,0.8892826642932561
70,1,0.9917265450017342
72,0,0.8231865603069218
75,1,0.14529442221593544
76,1,0.547123480279889
92,1,0.9999898506418635
97,0,0.888595926263466
7,1,0.582415635054855
12,1,0.9999984021702024
15,1,0.9999931067842397
23,1,0.9999843937415741
38,1,0.9720237624957516
49,0,0.012267776834391796
51,1,0.9999984427669257
77,1,0.7403419895487361
86,0,0.3463735370501948
94,1,0.9999981421919284
17,1,0.9910667104376066
33,1,0.9561695372227844
42,1,0.9409393351827728
54,1,0.7918956288284295
57,1,0.8733196880054197
69,1,0.7380927704375334
74,1,0.6309056091222232
87,1,0.937932086214365
89,0,0.12016402242050857
93,0,0.42322913482153707
