,y_true,y_pred
0,0,0.4068509909163714
11,0,0.10848057592466233
12,1,0.7764865810429563
23,1,0.7967560352369009
40,1,0.585506915081293
50,1,0.8667699432384085
7,1,0.7690735644830566
17,1,0.9087522884616792
20,0,0.7709266555119433
22,1,0.8329453142220046
36,0,0.042007070762009074
3,1,0.6181415288769391
5,0,0.11161929047695587
15,1,0.6656709129113976
32,1,0.8263573833465451
42,0,0.07246588308986658
2,1,0.8962323087132541
4,1,0.8854416982309277
39,1,0.8803320846230434
46,0,0.4648292089222481
49,0,0.47525415954770867
14,1,0.8900266027638649
18,0,0.21151532620444632
30,1,0.4736403193411573
31,1,0.4504728401275796
37,0,0.9076219365272978
8,1,0.8351664569668424
9,0,0.8802948951815501
26,1,0.8872137696059819
33,1,0.6395420585634767
47,0,0.8314691331139231
1,1,0.6969347868840137
25,0,0.2702169770128457
35,1,0.8532070316531445
43,1,0.6946524067676777
44,0,0.22254621824564624
6,1,0.8008057088797164
21,1,0.8094184226027359
24,1,0.7477610448629561
27,0,0.32989147665584334
48,0,0.2872410470888347
16,1,0.6649137282164407
19,0,0.5
29,0,0.05886733144541096
38,1,0.851167498100007
45,1,0.6968470583187357
10,1,0.8422781946038792
13,1,0.9358124939509077
28,1,0.11197506004183495
34,1,0.25024479954839424
41,0,0.150949243820523
