,y_true,y_pred
11,1,0.30086676459365985
14,1,0.46486487796484277
25,1,0.9305406892728805
33,1,0.974547936568232
35,1,0.8353248963381453
50,0,0.7299280464976665
51,0,0.026658341674072137
58,0,0.12487271415362143
81,0,0.5452930881351833
88,0,0.40372227575726555
13,1,0.9934743823794332
15,1,0.030255543133709317
20,1,0.04991639333882909
29,1,0.9999947208457206
45,1,0.002230853077019793
76,0,0.6236246354183248
84,0,0.09959173086485378
85,0,0.015511268992849088
90,0,0.999999999981201
0,1,0.8998835555990957
10,1,0.852090553973601
31,1,0.04778492867438849
40,1,0.9828972866025969
47,1,0.931782295341675
54,0,0.9975869824225082
56,0,0.9937324419422244
70,0,0.9978629895897612
74,0,0.9914925768705856
4,1,0.9967212283035678
9,1,0.9711700745033947
19,1,0.9811506022355854
21,1,0.002406594681639081
42,1,0.004920164247894974
64,0,0.8867043963053288
65,0,0.00043368331442011535
82,0,0.006772009508512777
83,0,0.00018587228317114215
22,1,0.9999673603022277
34,1,1.1782529010083152e-07
38,1,0.004392406473265373
41,1,7.423347653998885e-06
44,1,0.0019916548234349143
57,0,0.9998529920697763
61,0,0.0011738201490744374
80,0,0.001899052112122014
87,0,0.9951770705373808
6,1,0.9358665093280384
7,1,0.9986972138496157
27,1,0.9670971835858813
30,1,0.9997377700180414
48,1,7.994888433287987e-09
53,0,0.901673412529223
67,0,0.9999999999977827
68,0,0.5102346849355525
75,0,0.0010488827581151582
2,1,0.9999998825377681
8,1,0.9999503707126337
23,1,0.5206723545657851
24,1,0.19066741870738368
28,1,0.9936837167441522
52,0,5.320209585958443e-08
73,0,0.9999999904397795
86,0,0.0006261877929562463
89,0,0.9999776316723072
1,1,0.8193834733517746
12,1,0.028379498357374806
32,1,0.9998397750202206
37,1,0.9986313032226292
49,1,0.015442144615572752
59,0,0.9682746288530873
63,0,0.00037065490746967963
71,0,0.9450577077383059
78,0,0.03877124497921636
16,1,0.9656422853386155
26,1,0.9704598692348837
36,1,0.885974024756452
39,1,0.9783449929267193
46,1,0.11037641656541511
62,0,0.008020782823221944
66,0,0.9996838169392973
69,0,0.9296927201775634
79,0,0.15523779328058152
3,1,0.12268137914191465
5,1,0.9999999998163605
17,1,0.9998824146360038
18,1,0.9995486343705662
43,1,0.09290231471020577
55,0,0.017919399834075644
60,0,0.003453192175726451
72,0,0.008846814957732709
77,0,0.95547598626545
