,y_true,y_pred
11,1,0.5305107126256853
14,1,0.5310599467281746
25,1,0.5305325235595847
33,1,0.6040004237149232
35,1,0.5308493995641468
50,0,0.5306227610634519
51,0,0.5309844831193063
58,0,0.5313277059010756
81,0,0.5354894473613773
88,0,0.5307002401855748
13,1,0.6239601400356228
15,1,0.46323660246801723
20,1,0.5202480419240714
29,1,0.6234672858124051
45,1,0.544776583272673
76,0,0.478676625031432
84,0,0.5192598695785712
85,0,0.5870592862117402
90,0,0.491236652769038
0,1,0.5365280419967757
10,1,0.5
31,1,0.5
40,1,0.5
47,1,0.5
54,0,0.5
56,0,0.5
70,0,0.5
74,0,0.5107104454309873
4,1,0.4903233058362726
9,1,0.49042762705552556
19,1,0.4904040234710752
21,1,0.5
42,1,0.4902647271919613
64,0,0.49041015722757547
65,0,0.49053995212085677
82,0,0.49030611009162733
83,0,0.4935039792442384
22,1,0.5798470179962989
34,1,0.5683936011075151
38,1,0.5791133334512765
41,1,0.5708248233778769
44,1,0.5636198212410274
57,0,0.566429422640533
61,0,0.5308968781846208
80,0,0.5321877133589291
87,0,0.53320000583299
6,1,0.4919594043203666
7,1,0.48620959640413325
27,1,0.49179335598482155
30,1,0.5085811257150477
48,1,0.49287497101468675
53,0,0.48621715500848933
67,0,0.5
68,0,0.48527855516152185
75,0,0.48362658014779236
2,1,0.5448587336670528
8,1,0.5551767499513525
23,1,0.5469726584454147
24,1,0.527110003110944
28,1,0.5305293764616842
52,0,0.5249740869209825
73,0,0.5546492399060025
86,0,0.5252033311306809
89,0,0.524598583639185
1,1,0.48594087190193375
12,1,0.4859042009234476
32,1,0.4892103840471934
37,1,0.4861223164229505
49,1,0.49056887014193407
59,0,0.4897022907065105
63,0,0.48607918456332627
71,0,0.49006466532823695
78,0,0.48901386819257836
16,1,0.4895101191860611
26,1,0.48821195732678924
36,1,0.48564598159894773
39,1,0.5
46,1,0.4856788126678501
62,0,0.48951340808496935
66,0,0.48547926270496516
69,0,0.4894348013242502
79,0,0.4852653245133807
3,1,0.5
5,1,0.5
17,1,0.4830280881489812
18,1,0.4829726025449486
43,1,0.48293657158325126
55,0,0.5
60,0,0.48372012655212665
72,0,0.4852320064431441
77,0,0.48304185726520094
