,y_true,y_pred
1,1,0.9999856614541589
8,1,0.4027479698318625
14,0,0.0488498309698108
24,1,0.9993799920655226
34,1,0.999802455840987
43,1,0.9942738505745651
52,1,0.9999991844373733
80,1,0.9999549677119671
83,1,0.9999998086486306
91,0,0.002019796014566127
6,1,0.9999993626341527
9,1,0.999918329266947
22,1,0.9992628083929108
41,1,0.9998928461139829
47,0,0.33839683288172984
50,1,0.9999850157929354
58,1,0.9999140625598979
59,0,0.8776747916913498
71,1,0.9993555552651187
95,1,0.9792036998622725
2,1,0.9999767720782409
4,1,0.9965885981147888
19,0,0.7254784809362073
30,1,0.9998099677706864
37,1,0.9997062622667201
44,1,0.9750604866530176
46,0,0.026661996692512027
82,1,0.9972592346617155
84,1,0.9992649303423023
90,1,0.9997041832150159
0,1,0.9995468757888097
3,1,0.07623622278232202
5,1,0.9999995880476463
39,1,0.9835666792239284
60,1,0.9999983379129463
64,1,0.9996976232895688
66,1,0.9999693524496327
79,1,0.8946221094955732
85,0,0.004267840282631334
88,0,0.0033002639453642434
11,1,0.999998242720617
13,1,0.3112446288773986
26,1,0.9990072855986014
31,1,0.999993705474692
45,1,0.6702336843212505
53,1,0.9990428207059168
62,0,0.3800747339856326
73,1,0.9999897438488957
78,1,0.7935879608063544
98,0,0.3716395613253521
16,1,0.7198459303281582
21,1,0.9999720024375478
25,1,0.9920452148175721
28,1,0.999751976351384
40,1,0.9947415090390046
48,0,0.245084828555928
56,1,0.9943053823456995
63,1,0.999999339354371
67,0,0.04303591071189753
68,1,0.9999418772845321
10,1,0.9688163739258681
20,1,0.9984724081475375
29,1,0.9997912071487224
35,1,0.9992823797869367
36,1,0.9988894902191843
61,0,0.8606465433067889
65,1,0.9978781415824655
81,1,0.9999623898632344
96,1,0.9681958789128754
99,0,0.9968715688820856
18,1,0.9997971885228051
27,1,0.5883404861662644
32,1,0.9988036627645793
55,1,0.9999655791894569
70,1,0.9995995173878726
72,0,0.029597801614966186
75,1,0.09084468116829342
76,1,0.9973293634838138
92,1,0.9999375629637784
97,0,0.07221210634309147
7,1,0.9865052983052823
12,1,0.9921478722833349
15,1,0.9997849033980822
23,1,0.9999358560140451
38,1,0.9876189611432058
49,0,0.0015231764894577755
51,1,0.999999241778996
77,1,0.9992049560097821
86,0,0.7904237598836913
94,1,0.9998511420222199
17,1,0.99978700776795
33,1,0.9999991386749729
42,1,0.9999759782753528
54,1,0.8759411372154067
57,1,0.9812491904852977
69,1,0.9773178641055916
74,1,0.8303445927677304
87,1,0.9813938397718374
89,0,0.013238782890307865
93,0,0.0037130405768282092
