,y_true,y_pred
0,0,0.0001857038628292077
11,0,2.702890886165981e-05
12,1,0.06975072483249582
23,1,0.9999807339068483
40,1,0.9998182280465887
50,1,0.9999999007176043
7,1,0.8987108439145014
17,1,0.8980992464743529
20,0,4.531800793016106e-06
22,1,0.04598687106374244
36,0,0.06088725206597876
3,1,0.979575906346184
5,0,0.0019842648047194203
15,1,0.9647693513069389
32,1,0.048175355229155614
42,0,0.0006944116361067468
2,1,0.9991523902237113
4,1,0.9878651584233399
39,1,0.9997837028501181
46,0,0.6066462682656
49,0,0.045612651250636536
14,1,0.9999989264878915
18,0,0.0795913648459198
30,1,0.8989392336213331
31,1,0.0354816579104941
37,0,0.9885543196613389
8,1,0.003284027830033848
9,0,0.9996105949556425
26,1,0.9999051056438482
33,1,0.9992033862644641
47,0,0.42573274996504695
1,1,0.9999813227012283
25,0,0.9999883611315853
35,1,0.9999856467680103
43,1,0.00017533151446907035
44,0,0.04618866428389553
6,1,0.9992353468569689
21,1,0.9999220372548945
24,1,0.9895031758409744
27,0,0.12902150031168336
48,0,0.017832330623585864
16,1,0.9972266343019978
19,0,0.9999998983477433
29,0,0.010670843926469593
38,1,0.9999916423196724
45,1,1.0
10,1,0.9999999361389288
13,1,0.9999953754354216
28,1,0.9446913794598828
34,1,0.2211628700167526
41,0,0.003478552249242365
