,y_true,y_pred
0,0,0.3250349739029487
11,0,0.05466687771000008
12,1,0.8782773062384348
23,1,0.7643490440617074
40,1,0.6712941958957661
50,1,0.972025664782935
7,1,0.4315543589829411
17,1,0.9786494014511268
20,0,0.6842119213740749
22,1,0.9321088583206261
36,0,0.26529585182242055
3,1,0.29972127124846665
5,0,0.3541890083127716
15,1,0.7752535612999566
32,1,0.8447069676634185
42,0,0.09159146108424382
2,1,0.9620493057117652
4,1,0.9284138380844038
39,1,0.9444307873202321
46,0,0.5293165580619607
49,0,0.28744825942646984
14,1,0.9825724125726024
18,0,0.07863269309434438
30,1,0.8144124792268348
31,1,0.5051915153382456
37,0,0.7490355006268625
8,1,0.6948949611153125
9,0,0.46763762144269855
26,1,0.943365382291013
33,1,0.9952029507201213
47,0,0.385423477255217
1,1,0.9989428349477688
25,0,0.4626218796328783
35,1,0.9888340314164005
43,1,0.8177818447324823
44,0,0.03248042898008495
6,1,0.917183789787912
21,1,0.8972924124752889
24,1,0.9190509542069542
27,0,0.2819207826106459
48,0,0.3744559659764018
16,1,0.6476866459512554
19,0,0.060149486336501676
29,0,0.28163998210260915
38,1,0.9985464558953975
45,1,0.999971887870809
10,1,0.784712776291064
13,1,0.968918313208849
28,1,0.3300490654219138
34,1,0.5461772995115419
41,0,0.3135177082455488
