,y_true,y_pred
11,1,0.5847766809258723
14,1,0.5
25,1,0.48164251296420557
33,1,0.5614442623542785
35,1,0.5725751890293653
50,0,0.591826378925157
51,0,0.5
58,0,0.5530131256195395
81,0,0.5906488670554559
88,0,0.6604089235891195
13,1,0.49194537420460127
15,1,0.6363725838386491
20,1,0.4525609503720566
29,1,0.5
45,1,0.4814393899151852
76,0,0.6660611869372777
84,0,0.47823354259236167
85,0,0.37938718530967064
90,0,0.5289691456187472
0,1,0.5339113845204556
10,1,0.5614708624258128
31,1,0.5669476840455862
40,1,0.5314706792997872
47,1,0.5636082324207736
54,0,0.5565253988509665
56,0,0.5398861472437991
70,0,0.5405457469370734
74,0,0.5479671798997863
4,1,0.517988212457293
9,1,0.52498341435048
19,1,0.5288653273032846
21,1,0.5536867028357969
42,1,0.6485838793013908
64,0,0.6261645503609431
65,0,0.6881914665542631
82,0,0.5069124276230123
83,0,0.5204240415826532
22,1,0.5356811768434213
34,1,0.6072553149680009
38,1,0.5889357619178183
41,1,0.5259972029284746
44,1,0.5707979512872013
57,0,0.5404085905490755
61,0,0.6038468123301828
80,0,0.5171802778145388
87,0,0.5
6,1,0.5501791667434442
7,1,0.5352164295782337
27,1,0.5344747753387402
30,1,0.5396597674100758
48,1,0.5549788641251056
53,0,0.5569569535142633
67,0,0.5644558441320879
68,0,0.5598439056011378
75,0,0.5552603375008635
2,1,0.6350636531471521
8,1,0.4008527393157659
23,1,0.4899351824023677
24,1,0.5
28,1,0.6597253309460999
52,0,0.4920351468439891
73,0,0.5
86,0,0.5065694487543
89,0,0.4818327817665888
1,1,0.5102860586288515
12,1,0.4720615125411441
32,1,0.49448811547520877
37,1,0.5644620956905351
49,1,0.5380582258142748
59,0,0.6296119873324091
63,0,0.601873271593234
71,0,0.5540920012722518
78,0,0.4668154797495936
16,1,0.5870882411973021
26,1,0.5548956290608605
36,1,0.5638476347397803
39,1,0.48363405278423094
46,1,0.5290890733839945
62,0,0.5622914374544443
66,0,0.5593689891671586
69,0,0.5426042467495745
79,0,0.6068042794363516
3,1,0.5603708149186136
5,1,0.5557808627795299
17,1,0.5567036920583698
18,1,0.5404776828950213
43,1,0.5443618037837867
55,0,0.5573771791324522
60,0,0.542429991128915
72,0,0.5513144313737937
77,0,0.5699739054891583
