,y_true,y_pred
0,0,0.6455150140115202
11,0,0.648671114018256
12,1,0.6420543864541117
23,1,0.6130717800105477
40,1,0.6390090376660001
50,1,0.6104297598312817
7,1,0.5698114430119362
17,1,0.5576150396867132
20,0,0.6693020269488273
22,1,0.6661275854075333
36,0,0.527181349784286
3,1,0.637269183391582
5,0,0.6332769403260617
15,1,0.6191323029468835
32,1,0.6361592797520266
42,0,0.624929019646327
2,1,0.6609508025742226
4,1,0.6710992527455752
39,1,0.6696142152723227
46,0,0.5846168252170261
49,0,0.6188128321137711
14,1,0.8251824088780081
18,0,0.4741280142908528
30,1,0.585527778649623
31,1,0.43614957426649503
37,0,0.7134255577800549
8,1,0.6101662994628575
9,0,0.6184563207945356
26,1,0.6418908501283085
33,1,0.6440537482505972
47,0,0.6310540968496784
1,1,0.6676891312504882
25,0,0.6141996237721083
35,1,0.6376077721804049
43,1,0.6065294674347955
44,0,0.5821311457837555
6,1,0.6875665630774386
21,1,0.6542188664644945
24,1,0.6488162463640124
27,0,0.5517936695099833
48,0,0.6500821034809826
16,1,0.5936989705214372
19,0,0.6840004096711794
29,0,0.5883597877415533
38,1,0.717898354534713
45,1,0.7266630591070155
10,1,0.7492730128723151
13,1,0.7626240953795128
28,1,0.5
34,1,0.4446168060550263
41,0,0.7629513549692789
