,y_true,y_pred
1,1,0.7038452494789275
8,1,0.7038452494789275
14,0,0.11007627553425262
24,1,0.7038452494789275
34,1,0.568425904101561
43,1,0.6974526185362442
52,1,0.6710467589854123
80,1,0.7038452494789275
83,1,0.647626200268596
91,0,0.6781630111054971
6,1,0.7034958440127679
9,1,0.7034958440127679
22,1,0.6531506877975974
41,1,0.6613534151356689
47,0,0.6430956255573492
50,1,0.7034958440127679
58,1,0.7034958440127679
59,0,0.5624166203882819
71,1,0.7034958440127679
95,1,0.7034958440127679
2,1,0.7106836753470066
4,1,0.648557851614112
19,0,0.7106836753470066
30,1,0.5877158696769946
37,1,0.7106836753470066
44,1,0.7106836753470066
46,0,0.6925611848042725
82,1,0.7106836753470066
84,1,0.7106836753470066
90,1,0.7106836753470066
0,1,0.7127105803423605
3,1,0.5874166972979491
5,1,0.7127105803423605
39,1,0.7127105803423605
60,1,0.7127105803423605
64,1,0.7127105803423605
66,1,0.7127105803423605
79,1,0.7127105803423605
85,0,0.6061584939229976
88,0,0.7127105803423605
11,1,0.7167537695418292
13,1,0.7167537695418292
26,1,0.7167537695418292
31,1,0.7167537695418292
45,1,0.7167537695418292
53,1,0.7167537695418292
62,0,0.7167537695418292
73,1,0.7167537695418292
78,1,0.07674555003363226
98,0,0.15638619440493115
16,1,0.7135482707178004
21,1,0.7135482707178004
25,1,0.469401397583851
28,1,0.7135482707178004
40,1,0.7135482707178004
48,0,0.7135482707178004
56,1,0.7135482707178004
63,1,0.7135482707178004
67,0,0.7135482707178004
68,1,0.7135482707178004
10,1,0.7101095285612454
20,1,0.7101095285612454
29,1,0.7101095285612454
35,1,0.7101095285612454
36,1,0.7101095285612454
61,0,0.7101095285612454
65,1,0.7101095285612454
81,1,0.7101095285612454
96,1,0.7101095285612454
99,0,0.7101095285612454
18,1,0.6682671329042109
27,1,0.6917595371594897
32,1,0.6917595371594897
55,1,0.6917595371594897
70,1,0.6917595371594897
72,0,0.46710348933701146
75,1,0.541419702997525
76,1,0.6550004095634515
92,1,0.6917595371594897
97,0,0.3781379103359989
7,1,0.7055823937784245
12,1,0.7055823937784245
15,1,0.7055823937784245
23,1,0.7055823937784245
38,1,0.7055823937784245
49,0,0.7055823937784245
51,1,0.7055823937784245
77,1,0.7029937745710713
86,0,0.5550344042829655
94,1,0.7055823937784245
17,1,0.7116935933943039
33,1,0.6827838682761335
42,1,0.7116935933943039
54,1,0.6987247431151804
57,1,0.7116935933943039
69,1,0.7116935933943039
74,1,0.7116935933943039
87,1,0.7105508168886706
89,0,0.6789786395948123
93,0,0.7116935933943039
