,y_true,y_pred
1,1,0.8074843454204991
8,1,0.8080664280838465
14,0,0.8064491159264646
24,1,0.8079392513383561
34,1,0.8076667337902942
43,1,0.8046237267769102
52,1,0.7845570624396125
80,1,0.7844799519578102
83,1,0.808691383826311
91,0,0.8078759856505048
6,1,0.7841274260268412
9,1,0.8074361105854447
22,1,0.7741825280013933
41,1,0.8201836304231332
47,0,0.7793493475080548
50,1,0.7862113664862508
58,1,0.8143867756178358
59,0,0.7794266070252595
71,1,0.7871189636140974
95,1,0.7743526544032491
2,1,0.798223806891921
4,1,0.8011567324152968
19,0,0.7992690903671192
30,1,0.7982666392618954
37,1,0.7985128960274419
44,1,0.7990438238915998
46,0,0.7982258523238923
82,1,0.799187829962136
84,1,0.7979652742093489
90,1,0.8004074556969394
0,1,0.7937745866083208
3,1,0.7976374081139289
5,1,0.7984387846863902
39,1,0.7987906476959209
60,1,0.7607540266372027
64,1,0.798447643637022
66,1,0.799660582023235
79,1,0.7983672310298845
85,0,0.787914932068236
88,0,0.7989640904221182
11,1,0.7924238580945535
13,1,0.8046733675999812
26,1,0.7995158583172913
31,1,0.7867296277456363
45,1,0.7934131968896486
53,1,0.7807471452254708
62,0,0.7934890966839344
73,1,0.789908054122727
78,1,0.8014982542528593
98,0,0.7933105637500072
16,1,0.826481239246427
21,1,0.7900581183386561
25,1,0.774738044808366
28,1,0.8118432677631687
40,1,0.7613584774627359
48,0,0.9279975675847101
56,1,0.7777143943943599
63,1,0.7818441083874581
67,0,0.9307587184641949
68,1,0.8306375509802711
10,1,0.8226486328558636
20,1,0.8034550087801535
29,1,0.8125223103137227
35,1,0.8074274881621943
36,1,0.805143886097209
61,0,0.8287963297500601
65,1,0.8037703651484277
81,1,0.7987959202942494
96,1,0.8050273786841345
99,0,0.8199734240314506
18,1,0.7971183326485389
27,1,0.866717146682885
32,1,0.799061455068398
55,1,0.8504453214192499
70,1,0.8048622223685573
72,0,0.8332833911207099
75,1,0.8439080955011059
76,1,0.8557877034683614
92,1,0.8483371154733097
97,0,0.8621708173757286
7,1,0.7354425281733353
12,1,0.8261072908702467
15,1,0.833205626940222
23,1,0.8413085654612922
38,1,0.7987368684929185
49,0,0.8119548514253337
51,1,0.7769447921715881
77,1,0.7949700242815353
86,0,0.8029776731089407
94,1,0.7997227378926266
17,1,0.827076685381794
33,1,0.8162879695282826
42,1,0.7989057282578619
54,1,0.785470000570111
57,1,0.7873930487713794
69,1,0.7922589627972161
74,1,0.8037705142745046
87,1,0.7836677600284329
89,0,0.7747510650762954
93,0,0.7736639365011646
