,y_true,y_pred
1,1,0.6515644521575277
8,1,0.6515644521575277
14,0,0.6515644521575277
24,1,0.6515644521575277
34,1,0.6515644521575277
43,1,0.6515644521575277
52,1,0.6515644521575277
80,1,0.6515644521575277
83,1,0.6515644521575277
91,0,0.6515644521575277
6,1,0.08989981186293304
9,1,0.6854115769316942
22,1,0.6680443156446387
41,1,0.6854115769316942
47,0,0.6854115769316942
50,1,0.6783427562339959
58,1,0.6754744865819989
59,0,0.6854115769316942
71,1,0.6790312383504001
95,1,0.6694992317254428
2,1,0.6928933393112008
4,1,0.6928933393112008
19,0,0.6928933393112008
30,1,0.6928933393112008
37,1,0.6928933393112008
44,1,0.6928933393112008
46,0,0.6928933393112008
82,1,0.6928933393112008
84,1,0.6928933393112008
90,1,0.6928933393112008
0,1,0.6931604026855585
3,1,0.4312368745929767
5,1,0.6504091856685082
39,1,0.4026437287113346
60,1,0.6931604026855585
64,1,0.6931604026855585
66,1,0.6931604026855585
79,1,0.6931604026855585
85,0,0.6931604026855585
88,0,0.4500566729103524
11,1,0.6875708995306319
13,1,0.3164326114147951
26,1,0.6875708995306319
31,1,0.6875708995306319
45,1,0.6864252390757493
53,1,0.6875286311948926
62,0,0.6875626475136077
73,1,0.6875708995306319
78,1,0.6875708995306319
98,0,0.6733449177963112
16,1,0.688339696107137
21,1,0.6883726152807441
25,1,0.6883726152807441
28,1,0.6883726152807441
40,1,0.6883726152807441
48,0,0.4725940981045951
56,1,0.6883726152807441
63,1,0.6883726152807441
67,0,0.49229775250466773
68,1,0.6883726152807441
10,1,0.6931655895832703
20,1,0.6931655895832703
29,1,0.6931655895832703
35,1,0.6931655895832703
36,1,0.6931655895832703
61,0,0.6931655895832703
65,1,0.6931655895832703
81,1,0.6931655895832703
96,1,0.6687859920051047
99,0,0.6931655895832703
18,1,0.6937783357901678
27,1,0.6937783357901678
32,1,0.6937783357901678
55,1,0.6937783357901678
70,1,0.6937783357901678
72,0,0.6937783357901678
75,1,0.3160697155940569
76,1,0.6937783357901678
92,1,0.6937783357901678
97,0,0.6937783357901678
7,1,0.6822768373303628
12,1,0.6822768373303628
15,1,0.6822768373303628
23,1,0.6822768373303628
38,1,0.6822768373303628
49,0,0.6822768373303628
51,1,0.6822768373303628
77,1,0.6822768373303628
86,0,0.6822768373303628
94,1,0.6822768373303628
17,1,0.6924659755517311
33,1,0.6924659755517311
42,1,0.6924659755517311
54,1,0.26877202842182774
57,1,0.40251402596014874
69,1,0.6924659755517311
74,1,0.5863587667016052
87,1,0.6924659755517311
89,0,0.3535327521861085
93,0,0.5902066895211008
