,y_true,y_pred
1,1,0.8623640891715366
8,1,0.820680777637141
14,0,0.8622310029614548
24,1,0.8294292393481956
34,1,0.8311283529833444
43,1,0.8284885437657842
52,1,0.6899423455270576
80,1,0.8175173253543784
83,1,0.8361880015349684
91,0,0.7612948957094943
6,1,0.6858791835686898
9,1,0.8219594242911192
22,1,0.7743878919501093
41,1,0.8437204737722543
47,0,0.788149914023927
50,1,0.8209505404785619
58,1,0.8164435098430544
59,0,0.8004566092182757
71,1,0.8256053858823971
95,1,0.8204060799549999
2,1,0.7045981521022384
4,1,0.836046184506925
19,0,0.8588941607619863
30,1,0.8560971625300375
37,1,0.9436565108913988
44,1,0.6388166123601661
46,0,0.7905646245937841
82,1,0.87064276871507
84,1,0.9342064905375487
90,1,0.6479671570323879
0,1,0.8878551702849251
3,1,0.876057662711004
5,1,0.8135912604832283
39,1,0.6322515690551139
60,1,0.809855237210761
64,1,0.803083617637102
66,1,0.8106178604307351
79,1,0.9250388193139777
85,0,0.9552987481949047
88,0,0.5657067203491365
11,1,0.7985296398255362
13,1,0.7986250262733848
26,1,0.795601799062813
31,1,0.7975867882261554
45,1,0.8021612357353576
53,1,0.7986414540747069
62,0,0.7960841953969557
73,1,0.7991080535943972
78,1,0.7986473092490008
98,0,0.8001170915444084
16,1,0.798523334106501
21,1,0.7950525772290521
25,1,0.7984455154416885
28,1,0.7985542507701349
40,1,0.7987731169599138
48,0,0.8085034151116052
56,1,0.7989629646226927
63,1,0.7997184952807852
67,0,0.8298174847027195
68,1,0.7933938724479533
10,1,0.8563205268413917
20,1,0.8577969412917298
29,1,0.8607653282389711
35,1,0.8588097455042862
36,1,0.8682061292507386
61,0,0.8619369421061693
65,1,0.84655156089102
81,1,0.8519719363689331
96,1,0.8623564009075053
99,0,0.8578788510957309
18,1,0.8832984766058743
27,1,0.8213544001123002
32,1,0.8304267474490837
55,1,0.8027919423524167
70,1,0.8266859527907571
72,0,0.8742124541123039
75,1,0.754604657703785
76,1,0.2856425918188699
92,1,0.8416980546217144
97,0,0.887076646822476
7,1,0.8279775322993022
12,1,0.8057784583974043
15,1,0.8329906966289112
23,1,0.8886885417742078
38,1,0.820366071079774
49,0,0.7255452435591443
51,1,0.8602211878205963
77,1,0.8092585992927779
86,0,0.810057469313178
94,1,0.8100535692657728
17,1,0.9000443984234676
33,1,0.9398541025789575
42,1,0.7572061089414269
54,1,0.47315483740598047
57,1,0.776707670074908
69,1,0.8485642767798729
74,1,0.8494216659256295
87,1,0.7605073649661668
89,0,0.7001164694028017
93,0,0.8786765842862008
