,y_true,y_pred
1,1,0.9720136452021668
8,1,0.694406864210196
14,0,1.2020782701257184e-06
24,1,0.8969724850023231
34,1,0.9044891796768528
43,1,0.9962421547097509
52,1,0.8931589132742745
80,1,0.9961700274193153
83,1,0.9999838906108915
91,0,0.45906322084196965
6,1,0.5627550007690406
9,1,0.9333875074419281
22,1,0.954141162409897
41,1,0.8267464509170903
47,0,0.988580272102941
50,1,0.8959591380219021
58,1,0.8454004464250126
59,0,0.9673089607801871
71,1,0.7617102655449248
95,1,0.9610232610449013
2,1,0.9922924470202833
4,1,0.9993843777800212
19,0,0.9999998958052296
30,1,0.9150219984352354
37,1,0.999999944344258
44,1,0.9999999999996232
46,0,0.9636802556492783
82,1,0.9998085839266266
84,1,0.9999999999762099
90,1,0.028569780835790783
0,1,0.86107672000897
3,1,0.8513832341220643
5,1,0.8118381410235972
39,1,0.863301611518306
60,1,0.8460497846169422
64,1,0.8599708208273867
66,1,0.862791379863433
79,1,0.8615315604589069
85,0,0.6605325321860447
88,0,0.8606572960693899
11,1,0.8574402565718775
13,1,0.9990519745570141
26,1,0.8028492549418207
31,1,0.9234034112322882
45,1,0.9078773463356481
53,1,0.933534645663305
62,0,0.9999999939838893
73,1,0.9308826204250643
78,1,0.9999991603538732
98,0,0.9956495161408085
16,1,0.9980267826363172
21,1,0.38470155722002225
25,1,0.9398348545889402
28,1,0.8583268195275472
40,1,0.9995757014409768
48,0,0.9972232403470653
56,1,0.9721118186326532
63,1,0.9999999988571826
67,0,5.000488186760499e-06
68,1,0.978437213777887
10,1,0.9839977287823785
20,1,0.9820112442389757
29,1,0.9963023241586885
35,1,0.0034715797401901854
36,1,0.9994771103771254
61,0,0.9801313790466959
65,1,0.24082781672975948
81,1,0.9984353589234756
96,1,0.9667220638742795
99,0,0.03125505925133848
18,1,0.9986399186144372
27,1,0.9714181346405126
32,1,0.9939593862116352
55,1,0.6897905692933953
70,1,0.6209410610650411
72,0,0.7843864728609273
75,1,1.256221805205705e-15
76,1,3.057964310185981e-08
92,1,0.9757468720233273
97,0,0.9948393586817227
7,1,0.9999999999981468
12,1,0.9998147076919812
15,1,0.7103318439179216
23,1,0.9983239090974657
38,1,0.2767666822552664
49,0,0.909972912031561
51,1,0.9950233969524342
77,1,0.0017588187781419598
86,0,0.06441167359666591
94,1,0.9927747722383313
17,1,0.8706555007296747
33,1,0.9513524419641987
42,1,0.96400249072649
54,1,0.8327506807111511
57,1,0.6281128229671098
69,1,0.8143994366592192
74,1,0.9185231750679593
87,1,0.9247567297247159
89,0,0.8985179319034179
93,0,0.9999466119639422
