,y_true,y_pred
11,1,0.5549937615772406
14,1,0.5544169914730407
25,1,0.555782651795926
33,1,0.5544415062794273
35,1,0.5568739786749081
50,0,0.5544567154073095
51,0,0.5564389374050138
58,0,0.5543641038075806
81,0,0.556683331454109
88,0,0.5551558102911786
13,1,0.6188701143380665
15,1,0.6225091783269688
20,1,0.634156500386399
29,1,0.6339342883958416
45,1,0.6223573211000647
76,0,0.633584393455452
84,0,0.6342414604156353
85,0,0.6333669714944702
90,0,0.5941619749201213
0,1,0.593232628218223
10,1,0.5280678537221343
31,1,0.5281125791087448
40,1,0.5292777548919431
47,1,0.5280762652822828
54,0,0.5286036932297722
56,0,0.526834665622494
70,0,0.5312906126600079
74,0,0.5610438362195931
4,1,0.6225411590546608
9,1,0.6047791370213531
19,1,0.4802280129863349
21,1,0.6224878829455756
42,1,0.2707275357449286
64,0,0.3085143794502848
65,0,0.29978527661915255
82,0,0.6215399997022757
83,0,0.26673759156682014
22,1,0.5102686005186478
34,1,0.5956028975053814
38,1,0.5179415470230373
41,1,0.382367639491014
44,1,0.6060665048216224
57,0,0.4939596625103726
61,0,0.49256875078008144
80,0,0.6138211634721128
87,0,0.5722994549162105
6,1,0.4933613545763195
7,1,0.5157145294433128
27,1,0.5
30,1,0.5437289777524765
48,1,0.5
53,0,0.5375384927031917
67,0,0.5391159796578566
68,0,0.5059651632719999
75,0,0.5439087885544045
2,1,0.6576133110414326
8,1,0.6151738733714849
23,1,0.48849082249878034
24,1,0.45024560443248124
28,1,0.5
52,0,0.5369958158401476
73,0,0.6122161673311931
86,0,0.44768282173533924
89,0,0.5092440884449467
1,1,0.5693836927055193
12,1,0.5734515342821086
32,1,0.5570079196319394
37,1,0.5377413812748028
49,1,0.537659786161235
59,0,0.5694308519736645
63,0,0.5450173728384271
71,0,0.5711972112461633
78,0,0.5647738080902706
16,1,0.5352617392283191
26,1,0.645977783505977
36,1,0.6731609577983321
39,1,0.4603843121193865
46,1,0.5168625681152668
62,0,0.6728714825385164
66,0,0.6795892629712255
69,0,0.5600504081963936
79,0,0.6397788796615788
3,1,0.5760841457507465
5,1,0.5289623707339562
17,1,0.5426033245602259
18,1,0.5745271917362023
43,1,0.5666996413358397
55,0,0.575766133314147
60,0,0.5668890983451582
72,0,0.5433923920607074
77,0,0.5315897733505657
