,y_true,y_pred
11,1,0.632390773626496
14,1,0.6351529825590665
25,1,0.6347774502435057
33,1,0.634223333171501
35,1,0.6347690816571293
50,0,0.6345425824008486
51,0,0.6334919701029491
58,0,0.6204400263346511
81,0,0.6341353984073137
88,0,0.5119468352361003
13,1,0.6368138193776088
15,1,0.6386802457994778
20,1,0.6472958482908062
29,1,0.6478147838613127
45,1,0.6385877084821776
76,0,0.6476421552195253
84,0,0.6471581953037823
85,0,0.6474989607868088
90,0,0.6212562338667056
0,1,0.22428902469423573
10,1,0.7508918875935462
31,1,0.48085832601309086
40,1,0.7557857655148462
47,1,0.6561058396211705
54,0,0.7499857321961638
56,0,0.7511022481044667
70,0,0.7490575666429437
74,0,0.06423900894449616
4,1,0.6358829625090657
9,1,0.6206791261057607
19,1,0.5314870936147962
21,1,0.6408325339530043
42,1,0.3122816413203157
64,0,0.2115497914450261
65,0,0.3391452496904455
82,0,0.6407038140420835
83,0,0.27204055228392243
22,1,0.6548964549173701
34,1,0.21103638151658494
38,1,0.5202837813556966
41,1,0.38230035980125676
44,1,0.5227041281025487
57,0,0.6677866113644811
61,0,0.26217249533381354
80,0,0.6717250925211086
87,0,0.522166337718054
6,1,0.6481495829100034
7,1,0.6411924672262319
27,1,0.6370464918486327
30,1,0.6382543125756323
48,1,0.2841505090505507
53,0,0.2041385557512496
67,0,0.6489050215897325
68,0,0.6464370881561138
75,0,0.6446618570395876
2,1,0.6982652851276312
8,1,0.5354954882665628
23,1,0.6982987583037334
24,1,0.7322170421492273
28,1,0.34020002727728993
52,0,0.30928604095777906
73,0,0.6929910697207535
86,0,0.3818684097760472
89,0,0.7294620976542819
1,1,0.5828692214778857
12,1,0.5832214246241786
32,1,0.5829030464009722
37,1,0.5829954556116266
49,1,0.5826748827037361
59,0,0.5827578924262132
63,0,0.020158278125091408
71,0,0.5829353234164251
78,0,0.01762473405541628
16,1,0.6092506896240728
26,1,0.6077930022180534
36,1,0.6067509454497316
39,1,0.6082204462962448
46,1,0.5909723289438685
62,0,0.5791174040466549
66,0,0.4846756792273873
69,0,0.5985059163858151
79,0,0.252787893544772
3,1,0.6058691813653532
5,1,0.6115473031792811
17,1,0.6123190015191867
18,1,0.6122269464297005
43,1,0.6115908669187351
55,0,0.6116272585172896
60,0,0.4375525547597205
72,0,0.6114286376155432
77,0,0.5987760061020656
