,y_true,y_pred
0,0,0.5715340450393959
11,0,0.5781160553217655
12,1,0.6334723359698433
23,1,0.37977843650803234
40,1,0.6094867249551008
50,1,0.4141320382115792
7,1,0.6316920701765586
17,1,0.632778395708541
20,0,0.6313121834491237
22,1,0.6314307745344832
36,0,0.6321995644712111
3,1,0.5460322900861292
5,0,0.5327385142983834
15,1,0.5806120329435333
32,1,0.5392365559823225
42,0,0.5544699498169374
2,1,0.5844944695053393
4,1,0.5602021861886701
39,1,0.5835353397976242
46,0,0.5670580132906641
49,0,0.5681558125881763
14,1,0.6249613491496707
18,0,0.6338170221971737
30,1,0.6355774802292119
31,1,0.6308326292762357
37,0,0.632179177308856
8,1,0.6609458972334031
9,0,0.6458379978499644
26,1,0.6641036542757739
33,1,0.6222702448467101
47,0,0.6126142377218615
1,1,0.5355734380945362
25,0,0.604653357688707
35,1,0.5904639656108567
43,1,0.5902630920794106
44,0,0.5884249116978826
6,1,0.5891135794708945
21,1,0.7991341738315983
24,1,0.6249856994368933
27,0,0.6310536263075778
48,0,0.616577265070852
16,1,0.5163237524743652
19,0,0.48799818014369184
29,0,0.5810487926760642
38,1,0.5612064946392109
45,1,0.5845000990727296
10,1,0.6235056689107354
13,1,0.5121193830401406
28,1,0.5585721706700548
34,1,0.5483340312791325
41,0,0.5886144373288316
