,y_true,y_pred
11,1,0.6977561157590151
14,1,0.7468205749955147
25,1,0.5618922284336574
33,1,0.6642215806973144
35,1,0.4886739674513845
50,0,0.4272936167090278
51,0,0.656519341957553
58,0,0.3934882929357182
81,0,0.750024962413689
88,0,0.3410571652782598
13,1,0.7053877423885554
15,1,0.5683288008864533
20,1,0.43315647947800556
29,1,0.8346527586922751
45,1,0.36931960453464185
76,0,0.6889970477273667
84,0,0.38278655604767037
85,0,0.32901217428653334
90,0,0.6973346407188932
0,1,0.7652911988552166
10,1,0.6358049051249366
31,1,0.506255303773981
40,1,0.7923974012232811
47,1,0.45179739871776364
54,0,0.6908137207937318
56,0,0.6321831749562399
70,0,0.5534628097292877
74,0,0.4476118315228818
4,1,0.6606649937066517
9,1,0.5557349449837513
19,1,0.6444377898470705
21,1,0.638332741087236
42,1,0.42607395642927803
64,0,0.4881448851397483
65,0,0.3974104279940474
82,0,0.549680238951534
83,0,0.41022829243865633
22,1,0.5237432970159609
34,1,0.15985455318711372
38,1,0.31865676166428597
41,1,0.30920625548369024
44,1,0.5170559189096647
57,0,0.5183500595717325
61,0,0.18534893771632938
80,0,0.6284676067653835
87,0,0.36153976745519656
6,1,0.5952035097413039
7,1,0.541931038127313
27,1,0.7041769945749189
30,1,0.5971290752754973
48,1,0.4786138509558053
53,0,0.4789732696914569
67,0,0.6046303930128555
68,0,0.44955846295016666
75,0,0.4784338956332119
2,1,0.6502847484702777
8,1,0.6976317940465762
23,1,0.6525763677177264
24,1,0.6480936314701341
28,1,0.47521598690675604
52,0,0.42501127602575356
73,0,0.6550032480133393
86,0,0.4241011875982051
89,0,0.5590012685389524
1,1,0.5973225091253932
12,1,0.5391015937993733
32,1,0.5821996662533528
37,1,0.7429298524427103
49,1,0.6809711456034223
59,0,0.4824579335231817
63,0,0.5472693917247479
71,0,0.7306145838396959
78,0,0.585803661739979
16,1,0.5960777626097254
26,1,0.7662697753372014
36,1,0.4216674913532782
39,1,0.7950194932682971
46,1,0.4031061018422902
62,0,0.38601602645942756
66,0,0.5934549480728983
69,0,0.7666142768391512
79,0,0.4899379392326957
3,1,0.6399582676467993
5,1,0.5166794879252595
17,1,0.5
18,1,0.6075501794309629
43,1,0.6204172186558345
55,0,0.5125848168026276
60,0,0.46699780193392393
72,0,0.45511233871110973
77,0,0.44846636687867436
