,y_true,y_pred
0,0,0.15403597439118635
11,0,0.004800428726080161
12,1,0.9018601159202702
23,1,0.9214861181327978
40,1,0.6857160574163121
50,1,0.9949232777353969
7,1,0.5416269206201799
17,1,0.9428133468053201
20,0,0.9915354606328202
22,1,0.08248110426264296
36,0,0.17797655096330134
3,1,0.47053552836582535
5,0,0.28538320977164655
15,1,0.9029011253302447
32,1,0.7857154714859981
42,0,0.0527268824975711
2,1,0.9585771327162171
4,1,0.9627586300259807
39,1,0.9444062704664146
46,0,0.29356728715865527
49,0,0.22093168846182218
14,1,0.998004165624292
18,0,0.04566691498774507
30,1,0.8118675686202637
31,1,0.2075626012325709
37,0,0.9435056516385393
8,1,0.9683549446711772
9,0,0.6036063761514423
26,1,0.9536062927446399
33,1,0.9662811128845461
47,0,0.32021373343683235
1,1,0.99072970964539
25,0,0.7574791112110332
35,1,0.9964885724732461
43,1,0.5820840653314526
44,0,0.03080909789016753
6,1,0.9876822621059822
21,1,0.9721570331856144
24,1,0.9724733561912798
27,0,0.1550522263526357
48,0,0.40225350524608183
16,1,0.3866620006785168
19,0,0.018142876951298074
29,0,0.07697390080477963
38,1,0.9995078003717651
45,1,0.9999998259158535
10,1,0.9178080216589093
13,1,0.989108193322541
28,1,0.38227184204167997
34,1,0.6934087461919762
41,0,0.12157138935838878
