,y_true,y_pred
0,0,0.006330462827245412
11,0,0.0011822204765357786
12,1,0.9847185990097301
23,1,0.9996224851022179
40,1,0.9260609696297903
50,1,0.9995976015822166
7,1,0.9308293620899853
17,1,0.998587857631938
20,0,0.9999422686926744
22,1,0.4987882972397677
36,0,0.2518130444570823
3,1,0.9664096394675675
5,0,0.0239141945981379
15,1,0.9596180680694582
32,1,0.9903092720744902
42,0,0.000998363934700313
2,1,0.9990116044403267
4,1,0.9955602932664218
39,1,0.9998796897098831
46,0,0.19896053483900494
49,0,0.02042382882361532
14,1,0.9999915467547267
18,0,0.0012898934268455893
30,1,0.8988154360869437
31,1,0.6290710424338389
37,0,0.9977484591959255
8,1,0.9032117162561251
9,0,0.008500631131648156
26,1,0.9975782670216489
33,1,0.9999943366940729
47,0,0.5439878127149542
1,1,0.9999999265649145
25,0,0.36088065622085863
35,1,0.9997885102606017
43,1,0.769636791380656
44,0,0.0017646298562138576
6,1,0.9998684158906536
21,1,0.9999869546401634
24,1,0.9986057511107636
27,0,0.03512882480649411
48,0,0.03073425758418273
16,1,0.663681104472212
19,0,0.6004142457046824
29,0,0.019194034355654546
38,1,0.9999998508738088
45,1,0.9999999962639001
10,1,0.8753025792585094
13,1,0.9980040203643968
28,1,0.054319675962773456
34,1,0.8486401487751724
41,0,0.012023494534561207
