,y_true,y_pred
0,0,0.39666202951113333
11,0,0.3812036273757231
12,1,0.6664798941403748
23,1,0.6390088876189995
40,1,0.6482019942233708
50,1,0.6821523875587996
7,1,0.7141352137148461
17,1,0.707266830698376
20,0,0.733181926985936
22,1,0.27877658610201295
36,0,0.4579273287938338
3,1,0.6728957724970103
5,0,0.4266163229679191
15,1,0.8085146937040327
32,1,0.7581491032987729
42,0,0.16867194389215537
2,1,0.79262317057137
4,1,0.7924731686424681
39,1,0.8142130148876829
46,0,0.7091786088333808
49,0,0.7657893937810277
14,1,0.8280546161978971
18,0,0.41673527599906335
30,1,0.8110359865820893
31,1,0.6285080100480485
37,0,0.8870198882648652
8,1,0.7503517744149217
9,0,0.5992839868134515
26,1,0.8052500445932955
33,1,0.7435458444636897
47,0,0.8209542340860588
1,1,0.7580631000656223
25,0,0.7619743602841212
35,1,0.8718838407363958
43,1,0.6138696768241707
44,0,0.585126500708399
6,1,0.6738814096326011
21,1,0.5352314050939627
24,1,0.6966098277117041
27,0,0.5314768673798239
48,0,0.5584878096335548
16,1,0.6764089391064677
19,0,0.3755331813166089
29,0,0.35037355446537327
38,1,0.7106885880642428
45,1,0.8104871477175508
10,1,0.6977795547557034
13,1,0.7290869863918737
28,1,0.4052394304701729
34,1,0.6715790013201799
41,0,0.40757611810988087
