,y_true,y_pred
0,0,0.6044029273452074
11,0,0.5982815584864155
12,1,0.5928581155085612
23,1,0.6652675172394186
40,1,0.6557887236854967
50,1,0.6508826092052803
7,1,0.6826357176355391
17,1,0.6246599825418682
20,0,0.6483845977182502
22,1,0.2058106157462728
36,0,0.47732270596115217
3,1,0.7540931438600746
5,0,0.6157672427748369
15,1,0.7008216384370397
32,1,0.6340571216616228
42,0,0.438604354903136
2,1,0.7722996216017572
4,1,0.7379162546347957
39,1,0.7567207397658342
46,0,0.7008092063490341
49,0,0.6438242707527021
14,1,0.8240641554845062
18,0,0.2689015673383664
30,1,0.7919357857517746
31,1,0.5094313429646343
37,0,0.7899901082473769
8,1,0.6497702000637567
9,0,0.7233784247472873
26,1,0.8277000467936352
33,1,0.7017862080477638
47,0,0.8358275530408311
1,1,0.6474052069088656
25,0,0.6474678581891924
35,1,0.6474494478657166
43,1,0.5517215770452901
44,0,0.6276003890184704
6,1,0.6432599194119705
21,1,0.43368542522466264
24,1,0.7103727685390268
27,0,0.6564547757609203
48,0,0.5537896213824164
16,1,0.6041312425927136
19,0,0.6593575768984131
29,0,0.6492046882990812
38,1,0.6464358516915962
45,1,0.6622380359558574
10,1,0.6631801003119955
13,1,0.6718825293511522
28,1,0.6093518163776925
34,1,0.42188011465126785
41,0,0.5276536895897039
