,y_true,y_pred
11,1,0.37639386079014153
14,1,0.6543107601932469
25,1,0.3855455327773228
33,1,0.5763391503236732
35,1,0.7247648222009118
50,0,0.6173287853646352
51,0,0.2320277749129162
58,0,0.7285800646168687
81,0,0.36325025510459136
88,0,0.46039701922922815
13,1,0.642258694308412
15,1,0.4435041401366915
20,1,0.5438848453100801
29,1,0.67657691366136
45,1,0.4183604194191094
76,0,0.47340249340322166
84,0,0.5665048377083081
85,0,0.5582544819699099
90,0,0.4761421302967817
0,1,0.5
10,1,0.6323817295185562
31,1,0.3851976306408489
40,1,0.7313190986271509
47,1,0.4166582458797755
54,0,0.7010719607770111
56,0,0.7120758348691327
70,0,0.6697558516011844
74,0,0.29712720209148386
4,1,0.4736963520177643
9,1,0.5
19,1,0.6833421332050286
21,1,0.3558571390704304
42,1,0.4822317917144634
64,0,0.4169820437583383
65,0,0.38264578716205844
82,0,0.5617773674514216
83,0,0.3842721755883085
22,1,0.4808273108294996
34,1,0.5325399119803679
38,1,0.5324356664224337
41,1,0.5291145764612384
44,1,0.5216598699081858
57,0,0.511979555043383
61,0,0.5216370101792037
80,0,0.5198187927055548
87,0,0.5
6,1,0.5948525666041133
7,1,0.5953140788173523
27,1,0.6055141217490576
30,1,0.5803571994490552
48,1,0.5379198669673579
53,0,0.4892988430079821
67,0,0.5507294666057952
68,0,0.5381769432049776
75,0,0.5567857425085655
2,1,0.6218066788866844
8,1,0.6096585933794287
23,1,0.6066039169224573
24,1,0.5965341961307968
28,1,0.4864129422908212
52,0,0.5107584429956459
73,0,0.6090804370127844
86,0,0.5438133603051587
89,0,0.5887834827933226
1,1,0.5662479850268899
12,1,0.5971103421975292
32,1,0.5672141108194292
37,1,0.6650194263651353
49,1,0.6711411332817375
59,0,0.5652700873384334
63,0,0.35705420602632476
71,0,0.37063768228245364
78,0,0.39260248859396113
16,1,0.5999957958677601
26,1,0.6576507592823951
36,1,0.6192739596509733
39,1,0.6593217167924103
46,1,0.5816064190205554
62,0,0.4810485304882731
66,0,0.5122225116350894
69,0,0.5600921501234607
79,0,0.40629617616869224
3,1,0.4721216813532803
5,1,0.4672307291031628
17,1,0.5
18,1,0.6162164620606794
43,1,0.6296318381750531
55,0,0.4222245240686571
60,0,0.5102431128085719
72,0,0.49111447398185126
77,0,0.5697144818380796
