,y_true,y_pred
11,1,0.8957491184647391
14,1,0.9898824964576977
25,1,0.9856073881249797
33,1,0.869993494000744
35,1,0.8817634786423575
50,0,0.9476510602941446
51,0,0.9728123969656329
58,0,0.9985441188972539
81,0,0.9778341599095566
88,0,0.9990397426813676
13,1,0.7723395105645171
15,1,0.04696969813264544
20,1,0.3362056173709298
29,1,0.9997379459326634
45,1,0.3502418808510951
76,0,0.06680718161779677
84,0,0.7603353357735699
85,0,0.04978414085976585
90,0,0.01741797583966358
0,1,0.5681795546328822
10,1,0.8135702406270252
31,1,0.9893269976772533
40,1,0.9905439786267083
47,1,0.5012921769540322
54,0,0.1153596586201739
56,0,0.638056084569654
70,0,0.999993161514082
74,0,6.692599026798579e-06
4,1,0.9998931815068757
9,1,0.6805654498389535
19,1,0.8091616041223113
21,1,0.9961316799684357
42,1,0.9980987712733166
64,0,0.00023689763115582752
65,0,9.794434846997725e-06
82,0,0.997172325802228
83,0,0.00013788312561174485
22,1,0.9988535149242309
34,1,0.010430574453462915
38,1,0.023543705460870496
41,1,0.0003400904481828706
44,1,0.9944715684978246
57,0,0.012607487949840252
61,0,0.0750466548549473
80,0,0.28155112024463336
87,0,0.9800677252270084
6,1,0.999993749178655
7,1,0.9910353647535081
27,1,0.9999840352667007
30,1,0.9869637366960313
48,1,0.005360943814445042
53,0,0.14521738176289312
67,0,0.9999547139976005
68,0,0.40208706974570757
75,0,0.17669843626407855
2,1,0.999983796892962
8,1,0.21345697181714549
23,1,0.9964693898283192
24,1,0.6869320651148637
28,1,0.0023157655658679814
52,0,2.3348282371961832e-05
73,0,0.6828808632856377
86,0,0.6942115580626751
89,0,0.016868702778799077
1,1,0.9272926061418207
12,1,0.9648466845413656
32,1,0.9984670427679992
37,1,0.999956602642786
49,1,0.9913598772213783
59,0,0.9999943278908511
63,0,0.02747406587473604
71,0,0.006334732566984171
78,0,6.105444186994554e-08
16,1,0.8137209399559991
26,1,0.9999983220197818
36,1,0.9807340030186696
39,1,0.9401282244801961
46,1,0.6796888423375456
62,0,0.001235324268222491
66,0,0.2997974296109815
69,0,0.7834509812661417
79,0,0.9675365433926889
3,1,0.23098734454881484
5,1,0.049036245102406444
17,1,0.5416333557338813
18,1,0.9998328509311107
43,1,0.9961247179270901
55,0,0.00033865586505973396
60,0,0.3474813754346712
72,0,0.00014809124142048253
77,0,0.9908084342315296
