,y_true,y_pred
1,1,0.9370038039875475
8,1,0.8805252400537124
14,0,0.2780026697034509
24,1,0.9042678808960902
34,1,0.8670534048590651
43,1,0.530945225067292
52,1,0.8861461416170509
80,1,0.8741858476027945
83,1,0.8686584001361806
91,0,0.19452338747926787
6,1,0.9037300073648793
9,1,0.8998597503722938
22,1,0.8701091300197142
41,1,0.8486694395397633
47,0,0.46523320886429986
50,1,0.8463544185795095
58,1,0.8453090681769513
59,0,0.8600704555597918
71,1,0.8791994658337351
95,1,0.8261583012768476
2,1,0.7380424217099351
4,1,0.7297549047022596
19,0,0.9302090795912182
30,1,0.9187563021771213
37,1,0.8822889457718825
44,1,0.9299812658452559
46,0,0.8352710407189071
82,1,0.8688284524743017
84,1,0.8839988276078956
90,1,0.9049060637340123
0,1,0.8582202413267574
3,1,0.8288530450493473
5,1,0.7940040639968641
39,1,0.7394366918244203
60,1,0.8551386178801552
64,1,0.8692346211447052
66,1,0.8570438508402437
79,1,0.8851921480589938
85,0,0.8802378568389285
88,0,0.6805063636370943
11,1,0.8857167621342982
13,1,0.556515231946573
26,1,0.876130661367346
31,1,0.8902654438358966
45,1,0.8035381462098559
53,1,0.8898209299443681
62,0,0.7766285442487587
73,1,0.8791704891646889
78,1,0.14909673435304863
98,0,0.2942307411491015
16,1,0.8306856696776862
21,1,0.8561866418286772
25,1,0.8335045078874791
28,1,0.8344973750204663
40,1,0.8355664046860859
48,0,0.37276563769430593
56,1,0.8450633496718833
63,1,0.8627383114332879
67,0,0.38580590611734644
68,1,0.8385473871555189
10,1,0.8952116693765161
20,1,0.8755635414029478
29,1,0.8655699140878215
35,1,0.8672830491343286
36,1,0.9070440589336047
61,0,0.6478898618613983
65,1,0.8456143625261678
81,1,0.7392887324236135
96,1,0.8498109236782302
99,0,0.8680890796308129
18,1,0.8993528207516301
27,1,0.8366992067135894
32,1,0.9162615396889261
55,1,0.8822833810930454
70,1,0.8884152081161479
72,0,0.46076919291457374
75,1,0.058645711245688424
76,1,0.8996308141869053
92,1,0.8878772609125933
97,0,0.7271758606500315
7,1,0.8910251325290521
12,1,0.8469708419293299
15,1,0.8821710375902727
23,1,0.8365219293290924
38,1,0.8620917083081464
49,0,0.4167671725203763
51,1,0.8337852023807818
77,1,0.8452582988217412
86,0,0.8546623381210291
94,1,0.8412263393481422
17,1,0.8501350600374821
33,1,0.859715577968895
42,1,0.6982905011232604
54,1,0.7876779596214697
57,1,0.8438749985296291
69,1,0.8151412738937179
74,1,0.855333561099647
87,1,0.8282647991750892
89,0,0.6209641309991083
93,0,0.5257183324202278
