,y_true,y_pred
0,0,0.5567883684549839
11,0,0.5477118832061671
12,1,0.5794441617895641
23,1,0.6466714569598684
40,1,0.5598913785334397
50,1,0.6814402673537654
7,1,0.9030830263929587
17,1,0.5775358416996111
20,0,0.5424050234979634
22,1,0.21094167638163835
36,0,0.3837169859520965
3,1,0.42099771816781506
5,0,0.3441275800970015
15,1,0.7692801794330675
32,1,0.5812317720149844
42,0,0.31370311573104137
2,1,0.6442389053390606
4,1,0.6272279809904857
39,1,0.6425136102776797
46,0,0.6445631258803987
49,0,0.617649301394737
14,1,0.9661133365614815
18,0,0.0810033342509154
30,1,0.9889529282374382
31,1,0.8231155294393985
37,0,0.9946117952823998
8,1,0.734307106169342
9,0,0.5
26,1,0.6264718396738314
33,1,0.8252466249646252
47,0,0.6136754194539715
1,1,0.6482100910497477
25,0,0.6425687431877359
35,1,0.6956121767844646
43,1,0.512226298605708
44,0,0.2460760058526989
6,1,0.7225413829019465
21,1,0.6952733482469153
24,1,0.8515310985174122
27,0,0.7990146015798152
48,0,0.7533713302845971
16,1,0.4864019536940797
19,0,0.4803224305826438
29,0,0.2566226205602876
38,1,0.784006184772323
45,1,0.7032459228477859
10,1,0.2857738708307664
13,1,0.7073088667799861
28,1,0.5527261977303535
34,1,0.6457802840442927
41,0,0.23768901788329572
