,y_true,y_pred
11,1,0.32473566286334454
14,1,0.8999922335435303
25,1,0.8814620958854947
33,1,0.7716272457201159
35,1,0.7341606479072401
50,0,0.8243357654751224
51,0,0.19249255225172682
58,0,0.45374078067666457
81,0,0.34723928255535486
88,0,0.7094430544950947
13,1,0.5741898522014438
15,1,0.6853794414426975
20,1,0.7911784487121869
29,1,0.9835814051355617
45,1,0.27463553289860343
76,0,0.0019171906048427417
84,0,0.877238618684491
85,0,0.9826633128706785
90,0,1.612651515863075e-06
0,1,0.08817957399516224
10,1,0.5239958846849839
31,1,0.6586661569242376
40,1,0.9602283406374842
47,1,0.6165537279750718
54,0,0.9921435396646663
56,0,0.6978921814869243
70,0,0.8408539110080187
74,0,0.8716910661436602
4,1,0.8510651312055154
9,1,0.5156355336578924
19,1,0.4924545992661036
21,1,0.46828945920870174
42,1,0.07132765542289767
64,0,0.016264007263701977
65,0,0.09159572787932783
82,0,0.9546724488823125
83,0,0.004709969351331995
22,1,0.9051950773674028
34,1,0.010911951517411452
38,1,0.0712218361829869
41,1,0.9941865754453019
44,1,0.35986593377092224
57,0,0.09796687923904104
61,0,0.7715480245197454
80,0,0.7410770329344322
87,0,0.6948310583182988
6,1,0.909806526992239
7,1,0.6722686163644526
27,1,0.9527876080381293
30,1,0.05994302164972708
48,1,0.9788646112697001
53,0,0.14913378514379705
67,0,0.002556924765628506
68,0,0.9406889284573791
75,0,0.821871761033024
2,1,0.9850820336835986
8,1,0.9324613023720557
23,1,0.348892173443473
24,1,0.7551713910901277
28,1,0.43254188014615647
52,0,0.7923189048091475
73,0,0.7665497142301599
86,0,0.7897519210220587
89,0,0.23725572914244875
1,1,0.7122338810045142
12,1,0.41414346336779834
32,1,0.8703671938357249
37,1,0.758323154336654
49,1,0.447118718403476
59,0,0.1732484388936914
63,0,0.8531831140906218
71,0,0.9799426476646368
78,0,5.594306495206345e-07
16,1,0.30129142509667983
26,1,0.8111814377786908
36,1,0.9822115296791477
39,1,0.9797310804658899
46,1,0.6083201523792868
62,0,0.6085204349858521
66,0,0.5599241643680054
69,0,0.2989816150279693
79,0,0.8433127415508674
3,1,0.9193853212745597
5,1,0.3269969326410951
17,1,0.8195836311885387
18,1,0.3057650132455327
43,1,0.6187179956982595
55,0,0.35560863779546265
60,0,0.17983794624491778
72,0,0.12841498747016802
77,0,0.5938506744032352
