,y_true,y_pred
11,1,0.8124876191935724
14,1,0.15686746165107154
25,1,0.6037987395093942
33,1,0.9986181191602922
35,1,0.22704367538341447
50,0,0.6107578369178466
51,0,0.664760945116457
58,0,0.08959675105793119
81,0,0.8498050061463027
88,0,0.00715990106279048
13,1,0.750583329038355
15,1,0.00026015475721970866
20,1,0.09464421651740401
29,1,0.9877108957251236
45,1,0.008664849121794476
76,0,0.9967277553974048
84,0,0.9836008394063726
85,0,3.3768952876423374e-05
90,0,0.9786985336443735
0,1,0.10457832004778847
10,1,0.9605175827001986
31,1,0.9846008895503707
40,1,0.9999976625079219
47,1,0.9999464083843178
54,0,0.9999576578920777
56,0,0.9562387603108579
70,0,0.9999996806474268
74,0,2.4210068033630664e-08
4,1,0.7739007074163501
9,1,0.9998605734953057
19,1,0.8572134570074473
21,1,0.4421799930926982
42,1,0.9894973049157717
64,0,0.051604755745444694
65,0,0.9339941844437604
82,0,0.9972099675164013
83,0,0.7089300295941005
22,1,0.9885821771091551
34,1,2.3341449238508554e-08
38,1,0.6017428333220383
41,1,1.1291699179147097e-05
44,1,0.9569696841568528
57,0,0.8549826517651449
61,0,5.670581261011808e-05
80,0,0.9999258396135395
87,0,0.9963168774178791
6,1,0.9957671334115222
7,1,0.28532247531046867
27,1,0.9720139357537758
30,1,0.9851610383829265
48,1,4.096532128321966e-08
53,0,3.2833139620506726e-08
67,0,0.9923004909515335
68,0,0.997349438297468
75,0,0.9905243716849645
2,1,0.9977955013267717
8,1,0.5234975253952786
23,1,0.023548751365478432
24,1,0.38053914344718587
28,1,0.9999179120463186
52,0,0.9257435090676812
73,0,0.9210355256887011
86,0,0.000154404630639689
89,0,0.9160806383620163
1,1,0.9999619084562567
12,1,0.999321670253704
32,1,0.9999216176285217
37,1,0.35974814314188563
49,1,0.8096087749141142
59,0,0.41801841620359076
63,0,0.34618182305434003
71,0,0.9998904013225677
78,0,0.020204600802597165
16,1,0.9999981657527164
26,1,0.9999999975550504
36,1,0.9933793802965971
39,1,0.5690479686281642
46,1,0.0006283720378982027
62,0,0.9996443832354764
66,0,0.9999803679069429
69,0,0.9999985269861031
79,0,0.006270652305946843
3,1,0.9999956515688245
5,1,0.17372328901062692
17,1,0.9980883736247521
18,1,0.00515307665126879
43,1,0.24656219432503354
55,0,0.9166626921934471
60,0,0.6451724838712606
72,0,0.009882141149506689
77,0,0.9974971137722003
