,y_true,y_pred
0,0,0.31521390798127086
11,0,0.3357811486507436
12,1,0.649656283759928
23,1,0.6935259948917348
40,1,0.7582053409524592
50,1,0.7341737920792129
7,1,0.771631035568504
17,1,0.44237587584769017
20,0,0.49463247831403634
22,1,0.3222803819276549
36,0,0.5481748776068462
3,1,0.7337788327801603
5,0,0.46671608873136544
15,1,0.7429594179894881
32,1,0.5451215645218266
42,0,0.2930417835557803
2,1,0.8344547857408665
4,1,0.7834059108103284
39,1,0.7869300930511067
46,0,0.7581213063094211
49,0,0.59182730034505
14,1,0.735363780541565
18,0,0.537533603961138
30,1,0.7251776974785213
31,1,0.5796128497497312
37,0,0.6910762714146161
8,1,0.703728610960454
9,0,0.5903856918746216
26,1,0.8689816244987847
33,1,0.8125482899394315
47,0,0.73782599388808
1,1,0.8078615776150256
25,0,0.819059109224857
35,1,0.8217173384846052
43,1,0.3012355027932961
44,0,0.5993927323910928
6,1,0.7123351117790334
21,1,0.6107609991643976
24,1,0.697186688491495
27,0,0.6289690242594222
48,0,0.5516819030661719
16,1,0.6727748382587274
19,0,0.6825508038163255
29,0,0.38753542574186456
38,1,0.7859225985553144
45,1,0.7802663437766374
10,1,0.7910919212519171
13,1,0.7675507751073176
28,1,0.36751247611455806
34,1,0.3771212169421109
41,0,0.22248059508144455
