,y_true,y_pred
11,1,0.5297848766163663
14,1,0.31856974753703965
25,1,0.8132410934536015
33,1,0.03313850395366136
35,1,0.5543767953913151
50,0,0.47397823316889115
51,0,0.22735679269843137
58,0,0.36247906686918846
81,0,0.9663517455004521
88,0,0.5296890911599836
13,1,0.7801121825756578
15,1,0.5986280060808655
20,1,0.8309716650085762
29,1,0.8644786000289014
45,1,0.35245463039651626
76,0,0.6730892234486232
84,0,0.6630666847762623
85,0,0.7470627450780564
90,0,0.9580200442705751
0,1,0.6230810926872774
10,1,0.33437129549205946
31,1,0.33486369815617806
40,1,0.49660560746040777
47,1,0.43056394843178003
54,0,0.7369329897747844
56,0,0.785902209182315
70,0,0.6319045229581304
74,0,0.916311177087664
4,1,0.6842887737657678
9,1,0.35287112464020814
19,1,0.32468069765174223
21,1,0.3355837226769533
42,1,0.4244817972571493
64,0,0.004271197811061528
65,0,0.538958002601298
82,0,0.874820320247308
83,0,0.0009616217762616197
22,1,0.8575872305997699
34,1,3.710688701336007e-05
38,1,0.08964729472088968
41,1,0.018728313815356407
44,1,0.5526751110655634
57,0,0.9683017326556363
61,0,0.6444964139254974
80,0,0.6511640199019604
87,0,0.674717935484063
6,1,0.7188222300677924
7,1,0.5957296085050675
27,1,0.6052736769548283
30,1,0.48411283364279295
48,1,0.4999292400593863
53,0,0.472155290599624
67,0,0.7016423762193779
68,0,0.5656722383583516
75,0,0.4865793814645888
2,1,0.674209434798729
8,1,0.838397351225375
23,1,0.2412576575248344
24,1,0.5570215592701031
28,1,0.39202469804351137
52,0,0.9101050138008356
73,0,0.21594167677271867
86,0,0.5664216056733504
89,0,0.41234697039978235
1,1,0.6458837792829147
12,1,0.36719179344786845
32,1,0.4353684054810811
37,1,0.7517512447235066
49,1,0.5864240994379282
59,0,0.12403218589915589
63,0,0.8111252269456294
71,0,0.7140803448697757
78,0,0.029564866780458873
16,1,0.1512202433267821
26,1,0.7441569432480218
36,1,0.8930577762263708
39,1,0.463055127783794
46,1,0.5309587278511099
62,0,0.8086061836012899
66,0,0.8359572258615118
69,0,0.16403095840931112
79,0,0.9191966963813551
3,1,0.7184356000697282
5,1,0.3369715570020203
17,1,0.5740072297667518
18,1,0.5644491148491796
43,1,0.6584720416649265
55,0,0.781969490641892
60,0,0.5364356175496248
72,0,0.8443010075775841
77,0,0.5394256271010647
