,y_true,y_pred
11,1,0.7501736102225032
14,1,0.9925906977352462
25,1,0.9185884664452335
33,1,0.00030204907870451223
35,1,0.9770144845674306
50,0,0.9431891328429778
51,0,0.005330544994030207
58,0,0.9705381561918822
81,0,0.21033064007358376
88,0,0.9026066682094478
13,1,0.5437137395530339
15,1,0.0028317203857674404
20,1,0.9900634902467197
29,1,0.9067776228114888
45,1,0.9703885156892007
76,0,3.3991389598747076e-05
84,0,0.9990281728501981
85,0,0.00025311854871927806
90,0,6.036510931104073e-08
0,1,2.078094029477927e-05
10,1,0.9948615333809762
31,1,0.1991653586749434
40,1,0.39232349777697995
47,1,0.26817545325565734
54,0,0.9977768155036866
56,0,0.9956154988108152
70,0,0.9940714638994237
74,0,0.003181708984426673
4,1,0.054771636017041166
9,1,0.001721905694421871
19,1,0.9892109507215572
21,1,0.00302455318810299
42,1,0.9973783666625344
64,0,0.011315797584370372
65,0,3.9288368596812605e-05
82,0,0.57049076556049
83,0,0.0020660703831094553
22,1,0.9999946354308091
34,1,5.1434231499243875e-19
38,1,9.77867613162678e-05
41,1,0.9977709642107037
44,1,0.0785719665493493
57,0,0.0016198121312565373
61,0,0.9597300080474991
80,0,0.6101036650857764
87,0,0.089790184300055
6,1,0.9998228493650652
7,1,0.9979996443561532
27,1,0.9963801538606949
30,1,0.871329843380792
48,1,0.7972763296500653
53,0,3.036757219257123e-07
67,0,0.0006190733905929224
68,0,0.3332855169534654
75,0,0.9935496415321
2,1,0.9999651145058169
8,1,0.6244936350814037
23,1,0.9991494809476221
24,1,0.9992074168603198
28,1,0.5247487993422235
52,0,2.4083707508786098e-08
73,0,0.99982054529534
86,0,0.0013153919911263713
89,0,0.9952781909551304
1,1,0.8951640173793968
12,1,0.6904966327916404
32,1,0.05904924185430122
37,1,0.9996746390340797
49,1,0.9992921272334195
59,0,0.007356019270840692
63,0,7.552977898945438e-11
71,0,2.5387499637619685e-05
78,0,6.206156209914694e-16
16,1,0.03869625872882484
26,1,0.9968060633005084
36,1,0.9997239634511812
39,1,0.9999252860493202
46,1,0.0772128277634543
62,0,1.003314335153373e-05
66,0,0.6646016591115095
69,0,0.0005399933474887953
79,0,0.009630307497076641
3,1,0.9562840924061314
5,1,0.9987248923087578
17,1,0.9505323305298892
18,1,0.572249029421525
43,1,0.9461391686823084
55,0,0.4350612829901078
60,0,0.42549516161638967
72,0,0.0010687022638695312
77,0,0.9625903276288349
