,y_true,y_pred
1,1,0.9733737281144678
8,1,0.5765453377570415
14,0,0.05499991172282789
24,1,0.9557293071970889
34,1,0.8983596489915181
43,1,0.5058575868699003
52,1,0.934093974209934
80,1,0.9453217119207459
83,1,0.9861325378329907
91,0,0.11905978816157262
6,1,0.99998825445994
9,1,0.9570875706176422
22,1,0.9075617503067919
41,1,0.9627070801878288
47,0,0.9488424959313734
50,1,0.7565013490144565
58,1,0.7334670264955429
59,0,0.9573279331001575
71,1,0.76115891147394
95,1,0.9979331683247651
2,1,0.9973827538355603
4,1,0.9948617648945154
19,0,0.9986807852355393
30,1,0.7294243649993373
37,1,0.9999274431530059
44,1,0.9107662521457099
46,0,0.872463960994766
82,1,0.9447455718382504
84,1,0.9986413148973068
90,1,0.9943475633154435
0,1,0.8745981243077927
3,1,0.4949399464903675
5,1,0.9508489983752398
39,1,0.7392446173026065
60,1,0.8104660969177306
64,1,0.9593449087385567
66,1,0.9711675379736694
79,1,0.004562276054713732
85,0,0.759044949196248
88,0,0.7255167786029656
11,1,0.9993945202358505
13,1,0.9282248359510239
26,1,0.2408358302325023
31,1,0.9576846242710957
45,1,0.7579219711086782
53,1,0.8946453222433368
62,0,0.9389687214869492
73,1,0.999019109687016
78,1,0.0879033136236097
98,0,0.17208850060872688
16,1,0.9901694729524678
21,1,0.8973747811450014
25,1,0.6535833891000563
28,1,0.992177680671802
40,1,0.7227116574339351
48,0,0.9013917609861086
56,1,0.44836944903972226
63,1,0.997546000910857
67,0,0.6006225991360694
68,1,0.9569443379750718
10,1,0.6714576065090446
20,1,0.9955828297748441
29,1,0.9762295910889295
35,1,0.6831399287184463
36,1,0.7183259407666251
61,0,0.8506752641479265
65,1,0.9684805671384973
81,1,0.8536580898655488
96,1,0.30709763952429275
99,0,0.9987121703216509
18,1,0.9999999925121298
27,1,0.9964112289111728
32,1,0.9129028757081094
55,1,0.9999989152585191
70,1,0.9998330644538346
72,0,0.5933168750899883
75,1,0.049958442277507994
76,1,0.9797438808083214
92,1,0.7390635006685223
97,0,0.7614982221328159
7,1,0.989588444912285
12,1,0.9989094658641602
15,1,0.906189312666164
23,1,0.994531271533918
38,1,0.17657930166142322
49,0,0.2964627341814847
51,1,0.9336257700763576
77,1,0.8617518784320664
86,0,0.9472038058028339
94,1,0.2986713071384005
17,1,0.9741731295610465
33,1,0.8905221015825175
42,1,0.7441286428829273
54,1,0.0932953869254623
57,1,0.2838866955491016
69,1,0.9351242023651084
74,1,0.41097438166054284
87,1,0.7279841222879565
89,0,0.36561345915991933
93,0,0.6632744910236357
