,y_true,y_pred
0,0,0.0053694919634631405
11,0,2.051590558715937e-05
12,1,0.9339862020313549
23,1,0.9999941638420282
40,1,0.021136961805473812
50,1,0.9999999997424995
7,1,0.9972106022171595
17,1,0.8945592946223826
20,0,1.0
22,1,0.2887020081355452
36,0,0.0008833410389801513
3,1,0.9999999999999911
5,0,0.9996994692722677
15,1,4.6191800113342834e-05
32,1,2.615752130624551e-06
42,0,2.0043942140553193e-05
2,1,0.9998082973460076
4,1,0.9994455913855078
39,1,0.8544149406274006
46,0,0.987365624535412
49,0,0.9810093958096976
14,1,0.9999999999901563
18,0,0.6770439402479896
30,1,0.2326983959575303
31,1,0.915647515851315
37,0,0.9999744534116339
8,1,0.3557770438514603
9,0,0.9999999249575328
26,1,0.9769334284916021
33,1,0.9874947506827102
47,0,0.09233319736185439
1,1,0.9999999999999714
25,0,0.9009412206289951
35,1,0.9995757782713452
43,1,0.0013639425025740628
44,0,0.19147304252720732
6,1,0.9791507843793815
21,1,0.49467352296127404
24,1,0.6644892260109181
27,0,0.03635416537431666
48,0,0.5398511946167504
16,1,0.8282583602490262
19,0,0.9999999999999634
29,0,1.9975576513135843e-05
38,1,0.9999999999526246
45,1,0.9992450629806567
10,1,0.9999990028530694
13,1,0.9999999928915371
28,1,0.029345447072833684
34,1,0.9498251320594314
41,0,0.005053800908004534
