,y_true,y_pred
0,0,0.03523606330876488
11,0,0.015559190305000156
12,1,0.46810528760138537
23,1,0.9999990017172031
40,1,0.21849906827454083
50,1,0.9999999999998423
7,1,0.0038437227908696093
17,1,0.7717123697162644
20,0,0.13210884039139603
22,1,0.9999999988425305
36,0,0.004741595029915733
3,1,0.9999999997261031
5,0,0.9586594258769509
15,1,0.014592668843401302
32,1,0.9998206164001127
42,0,0.0037736188475164735
2,1,0.9997948528805785
4,1,0.9691242843948665
39,1,0.9997987170709659
46,0,0.975064701241247
49,0,0.993852866481272
14,1,0.9999468368348272
18,0,0.000912971589607504
30,1,0.9636696157320005
31,1,0.049876302793648845
37,0,0.995319946095566
8,1,0.38258919326229446
9,0,0.9999975433622982
26,1,0.9899340734481992
33,1,8.247811179123848e-10
47,0,0.20154797294981586
1,1,0.9999999999801745
25,0,0.991355655324601
35,1,0.9999861355875578
43,1,5.0676453629091006e-06
44,0,0.3275553007038473
6,1,0.9868957214422956
21,1,0.12958608035334426
24,1,0.9444308334069612
27,0,0.12889008607880792
48,0,0.09323898509237612
16,1,0.9626927599482489
19,0,0.9999999999999956
29,0,0.0008483867959796656
38,1,0.99999994014516
45,1,0.9999999998730738
10,1,0.999999993190757
13,1,0.999999999979017
28,1,0.5744739528479894
34,1,0.43951653563679727
41,0,0.0009703977159877849
