,y_true,y_pred
1,1,0.5741242500157727
8,1,0.8405323536411983
14,0,1.1890208835496369e-07
24,1,0.9999996620120833
34,1,0.05079916335185678
43,1,0.8363040185676256
52,1,1.0
80,1,0.999999999989795
83,1,0.9999999996723257
91,0,3.7562706769795734e-08
6,1,0.06954329048294038
9,1,0.9784878955766674
22,1,0.10245867611594642
41,1,0.9999999999963121
47,0,0.04715477609574122
50,1,0.9999999893519448
58,1,0.999999999999974
59,0,0.9999999999845575
71,1,0.999104720494017
95,1,0.9769995262816106
2,1,0.6484058444739508
4,1,0.9870994103229598
19,0,0.9999931285837322
30,1,0.99999999730696
37,1,0.9999999999995484
44,1,0.9999863527682666
46,0,1.0
82,1,0.9693201578763954
84,1,0.9999999999999907
90,1,0.999999815349124
0,1,0.9999999999998963
3,1,0.9956581532804181
5,1,0.9999999960370298
39,1,0.26156839156641637
60,1,1.0
64,1,0.9309363760884833
66,1,0.9999999999669815
79,1,0.06043595741922206
85,0,0.9979716003094274
88,0,0.03063958119774283
11,1,1.0
13,1,0.6650710121432166
26,1,0.9999998879758542
31,1,0.9999999999860321
45,1,0.0001008190598313556
53,1,0.9999999999264237
62,0,0.9904125475437686
73,1,1.0
78,1,3.843878244866698e-05
98,0,0.1106992939738259
16,1,0.999999664226247
21,1,0.9993367453051707
25,1,0.9999977821367048
28,1,0.9999732338622607
40,1,0.9997552786748475
48,0,0.04832442677433397
56,1,0.9834849676416956
63,1,1.0
67,0,0.9841342950398617
68,1,0.9999999999916194
10,1,0.9879614064368473
20,1,0.9753354653447999
29,1,0.9999999023846124
35,1,0.999991325920792
36,1,0.9912197084160983
61,0,0.9998619057094605
65,1,0.9978789152120578
81,1,0.9660914059722305
96,1,0.007065252634194042
99,0,0.9999876945629177
18,1,0.9999999978994463
27,1,0.6149326547525574
32,1,0.9964660118754234
55,1,1.0
70,1,1.0
72,0,0.8984499643521585
75,1,1.0
76,1,1.0
92,1,1.0
97,0,0.999917908934497
7,1,0.07744785589245648
12,1,0.9999555087174248
15,1,0.9978372198044928
23,1,0.9999999999995706
38,1,0.3907112101524313
49,0,0.9999944284942124
51,1,1.0
77,1,0.9999849298498288
86,0,0.9959248369515769
94,1,0.9999999916434591
17,1,0.9999931705048358
33,1,0.6075203739708389
42,1,0.9640684077307585
54,1,0.0008602954725980393
57,1,0.9999959745105786
69,1,0.12595455299710132
74,1,0.8694989331529192
87,1,0.9999052013789632
89,0,0.9999017844240553
93,0,0.04440010823466696
