,y_true,y_pred
0,0,0.6024442602642527
11,0,0.6004975438449868
12,1,0.6037042956892555
23,1,0.6050276498621011
40,1,0.6081486520687563
50,1,0.6027323887862461
7,1,0.6078519822217883
17,1,0.6161337708700798
20,0,0.6073841600828674
22,1,0.569942230456222
36,0,0.6127578351651087
3,1,0.6129724225348223
5,0,0.6124482033820356
15,1,0.6116534359128192
32,1,0.612124010265707
42,0,0.596377199186769
2,1,0.5875964256050042
4,1,0.6219115354562939
39,1,0.6029618003081734
46,0,0.614993181258626
49,0,0.616796428581409
14,1,0.6164862599158987
18,0,0.61403840866043
30,1,0.6175549420622851
31,1,0.6176676903367501
37,0,0.614279372071666
8,1,0.6033178001785454
9,0,0.6115633654812975
26,1,0.6133147954466986
33,1,0.6103652725447912
47,0,0.6065297949585493
1,1,0.6145193648717631
25,0,0.61100710014612
35,1,0.6144574858123621
43,1,0.6122521941007797
44,0,0.6140324830939364
6,1,0.6141782680985328
21,1,0.6133216583837802
24,1,0.6131340480331477
27,0,0.6124430117847964
48,0,0.6146425025805712
16,1,0.6117368606098568
19,0,0.5983665248193247
29,0,0.6112212539845496
38,1,0.6128690017669036
45,1,0.6132766027946625
10,1,0.5967253537186096
13,1,0.5957817716777614
28,1,0.5556743083429371
34,1,0.5910436427750688
41,0,0.5964738015057085
