,y_true,y_pred
11,1,0.5139983257251068
14,1,0.5038675914908811
25,1,0.5222167404772637
33,1,0.533438182626515
35,1,0.5039541520926997
50,0,0.5073876448651848
51,0,0.5266675414583275
58,0,0.5044202561656334
81,0,0.5280915492877802
88,0,0.5158243591405578
13,1,0.5257257361322935
15,1,0.528403464685562
20,1,0.5371584405136843
29,1,0.5371584405136843
45,1,0.5282820117635942
76,0,0.5371584405136843
84,0,0.5371584405136843
85,0,0.5371584405136843
90,0,0.5149881325592112
0,1,0.47310585208735306
10,1,0.5138205599209349
31,1,0.5135223742739747
40,1,0.5208257347614825
47,1,0.518570313300451
54,0,0.5040547386460352
56,0,0.49880511336438615
70,0,0.49751833142486457
74,0,0.49459039302212915
4,1,0.5364209226635215
9,1,0.5299089255500825
19,1,0.4675743011749625
21,1,0.5364209226635215
42,1,0.3236279188581071
64,0,0.20824797947401924
65,0,0.24209680832403302
82,0,0.5364209226635215
83,0,0.29641474258083117
22,1,0.5120185378255352
34,1,0.5121950700466795
38,1,0.5120318632500731
41,1,0.5257278637027725
44,1,0.5046299050230383
57,0,0.5119838790883231
61,0,0.4968845205687824
80,0,0.4994880866007879
87,0,0.502087016589438
6,1,0.5299222463531645
7,1,0.508905066449827
27,1,0.5079459283714669
30,1,0.5112487423836714
48,1,0.5102705745722578
53,0,0.5073930282916854
67,0,0.5144255173562599
68,0,0.5102906224442715
75,0,0.5065692882847852
2,1,0.5062050826157545
8,1,0.5316168560996711
23,1,0.4858782054841047
24,1,0.47538794802065054
28,1,0.4336198706536209
52,0,0.49254601624698113
73,0,0.5133063937913692
86,0,0.4502117168317242
89,0,0.43222414438085366
1,1,0.5173348990612138
12,1,0.4419673929286981
32,1,0.4992814512525446
37,1,0.49616727063903204
49,1,0.508474305944539
59,0,0.48890300654704444
63,0,0.4939912329957893
71,0,0.5259254081208817
78,0,0.25334330615952944
16,1,0.5081348605562435
26,1,0.5134103376651782
36,1,0.5095850476476749
39,1,0.5303188915116189
46,1,0.4730731919292927
62,0,0.5326532816350065
66,0,0.5086219359569636
69,0,0.5071704180385199
79,0,0.5141169379622662
3,1,0.5320355228487711
5,1,0.527680817819519
17,1,0.47945622489530776
18,1,0.5002934007503067
43,1,0.5097926699203794
55,0,0.5320355228487711
60,0,0.5096920694842235
72,0,0.5320355228487711
77,0,0.5056177012201151
