,y_true,y_pred
0,0,0.029428116733891327
11,0,0.01728307241787093
12,1,0.25113673827788835
23,1,0.8488656463973202
40,1,0.2985469443469282
50,1,0.9545354584615063
7,1,0.8188647872245296
17,1,0.7106608091253982
20,0,0.8038397368957599
22,1,0.4778053678499713
36,0,0.16659343225009568
3,1,0.6231946373274417
5,0,0.17856037950368683
15,1,0.7673115810736868
32,1,0.6365101594246781
42,0,0.04782473669391698
2,1,0.7786149475090809
4,1,0.9044532627983025
39,1,0.8886909972659717
46,0,0.7344398511502835
49,0,0.7253291609312728
14,1,0.9181948837792318
18,0,0.08609057710700997
30,1,0.6698924818165062
31,1,0.40456746816971884
37,0,0.7465507032506055
8,1,0.7206251007515604
9,0,0.527581200471098
26,1,0.8087766782177916
33,1,0.7564690349492487
47,0,0.7420739821267295
1,1,0.7699003235540108
25,0,0.7836825172361435
35,1,0.9072675909149557
43,1,0.3866243522787489
44,0,0.3888087511195058
6,1,0.9257868105425875
21,1,0.796709445590502
24,1,0.7518647805123118
27,0,0.16083876979846265
48,0,0.17473295619718696
16,1,0.32244870686769295
19,0,0.7140076690399155
29,0,0.12338991440110787
38,1,0.9791557587576841
45,1,0.8861143733366019
10,1,0.6896395356515002
13,1,0.836775144516579
28,1,0.3626576629407273
34,1,0.3852619373247588
41,0,0.33609397437557104
