,y_true,y_pred
11,1,0.5441135207495884
14,1,0.5702244086414544
25,1,0.5434389017154421
33,1,0.5450648228451347
35,1,0.5368724651223298
50,0,0.5379747068424743
51,0,0.5810134831506748
58,0,0.5366656926452548
81,0,0.5379576933348399
88,0,0.5441739042327507
13,1,0.464087745242941
15,1,0.6612940461917336
20,1,0.4758858224897558
29,1,0.45789376823501954
45,1,0.47511994442632755
76,0,0.4566363936429065
84,0,0.5050962252345119
85,0,0.46409109018749667
90,0,0.48574054213864504
0,1,0.5794908317914581
10,1,0.5203211076458806
31,1,0.5181626499869787
40,1,0.5875243926371901
47,1,0.5070017103168036
54,0,0.5608704562340296
56,0,0.5871172924601181
70,0,0.5940169393565159
74,0,0.5383187899672286
4,1,0.5439283495641815
9,1,0.6216178676776921
19,1,0.6293068939219245
21,1,0.5471002687617282
42,1,0.7317193292900606
64,0,0.720431951164815
65,0,0.7393458000516854
82,0,0.5781565293648819
83,0,0.6273966512053475
22,1,0.5612202941492679
34,1,0.5979604642850648
38,1,0.5411383211907405
41,1,0.5338198334382471
44,1,0.575550456231976
57,0,0.5182382352636168
61,0,0.5896280112732228
80,0,0.5211596377321346
87,0,0.506963106185229
6,1,0.5480540505689274
7,1,0.5510602569421433
27,1,0.5513107278364058
30,1,0.5486610439325674
48,1,0.5481320859714817
53,0,0.5498371881521061
67,0,0.5482629313379322
68,0,0.5477874459741969
75,0,0.5504346080434858
2,1,0.5650459618532989
8,1,0.4594543170184446
23,1,0.4425576683986043
24,1,0.44629189593718477
28,1,0.5855898194346152
52,0,0.5200304679464245
73,0,0.4512181125148579
86,0,0.5244643095680273
89,0,0.4779208411227276
1,1,0.4680496613271639
12,1,0.5
32,1,0.46682847883674766
37,1,0.5496880814126316
49,1,0.47585301369270583
59,0,0.5825330550355491
63,0,0.5996987711489908
71,0,0.5519435896780328
78,0,0.5670140058632401
16,1,0.5450522110196716
26,1,0.5510426938195584
36,1,0.5513236583916858
39,1,0.5519076995213222
46,1,0.550257962830814
62,0,0.5520085962812372
66,0,0.5519822449589548
69,0,0.5483662965528563
79,0,0.54574076282306
3,1,0.6562718666663562
5,1,0.5839010161385193
17,1,0.6549350053237286
18,1,0.5365133514295787
43,1,0.4828455024271329
55,0,0.5899468870420442
60,0,0.5715165243703103
72,0,0.6266441801864293
77,0,0.6600003602998425
