,y_true,y_pred
1,1,0.9769536338270863
8,1,0.9727465316987605
14,0,0.009023978059131847
24,1,0.9960282064743002
34,1,0.9997696869833642
43,1,0.9792976808097622
52,1,0.9788757770928921
80,1,0.9971078180721569
83,1,0.9983781499360839
91,0,0.0009965561751238217
6,1,0.997491568060427
9,1,0.9857161233609464
22,1,0.990886131260872
41,1,0.9742761142715232
47,0,0.09793616198061578
50,1,0.9987544931309397
58,1,0.9969483035008799
59,0,0.17940483092214923
71,1,0.9735957899836714
95,1,0.9566758660138384
2,1,0.9902730600061123
4,1,0.9931851396712383
19,0,0.041240871776931046
30,1,0.9833431992885346
37,1,0.9826140594702704
44,1,0.9896030094151244
46,0,0.4302685032613054
82,1,0.9971171146116209
84,1,0.9650248775117971
90,1,0.9863062349010207
0,1,0.9645690779139383
3,1,0.9422864935181727
5,1,0.9920448867132687
39,1,0.9943621217039678
60,1,0.9851331020647146
64,1,0.991900786847771
66,1,0.9295689284514674
79,1,0.9723246458785362
85,0,0.01670485019675073
88,0,0.07539013191765938
11,1,0.9987079354157932
13,1,0.9965446313384537
26,1,0.9796141089512301
31,1,0.9981807598869505
45,1,0.9558183502547067
53,1,0.9970372420231294
62,0,0.12541454615833553
73,1,0.9994777423825336
78,1,0.9659179122629656
98,0,0.05135861528862586
16,1,0.9695397776546646
21,1,0.9818270486670941
25,1,0.9411890111506943
28,1,0.9924998322296222
40,1,0.9585482797190144
48,0,0.03133717504835548
56,1,0.9829953569561729
63,1,0.9996031444240066
67,0,0.008477490311665961
68,1,0.9961605241832301
10,1,0.9953374249016101
20,1,0.9978015974693922
29,1,0.9954417372309216
35,1,0.9987413167654606
36,1,0.9992644824531968
61,0,0.4981586744482108
65,1,0.9963487349981393
81,1,0.9959190723626913
96,1,0.9848000449429423
99,0,0.32470897314934966
18,1,0.9985412249367099
27,1,0.9793509761493788
32,1,0.9959514222306625
55,1,0.9902394639350397
70,1,0.9985971095695948
72,0,0.24963319405133247
75,1,0.9693749185917387
76,1,0.9931130759429276
92,1,0.9892444133229639
97,0,0.10830388628544418
7,1,0.9927233822597118
12,1,0.9967974471386399
15,1,0.9896217895215261
23,1,0.9976885650260754
38,1,0.9990237065601058
49,0,0.055245637379630265
51,1,0.9998707189633527
77,1,0.9974927444559405
86,0,0.004243126028130967
94,1,0.9710924703936739
17,1,0.9983928847084016
33,1,0.9985138495305093
42,1,0.9981874702477328
54,1,0.9901057535352413
57,1,0.9971784637594783
69,1,0.9799148904527263
74,1,0.9694406061957569
87,1,0.9896299989813904
89,0,0.12955826946189972
93,0,0.022605039927993512
