,y_true,y_pred
11,1,0.5580416158569007
14,1,0.5578892941605478
25,1,0.5675517145449648
33,1,0.5672844801457847
35,1,0.556026559572226
50,0,0.5680336184227872
51,0,0.5684802622233298
58,0,0.5567859515819755
81,0,0.5671135665175675
88,0,0.5683936004216114
13,1,0.5320053162653186
15,1,0.5315113529350777
20,1,0.5317447730348247
29,1,0.531861294957915
45,1,0.5316743102494124
76,0,0.5319782522925509
84,0,0.5319993494305639
85,0,0.5320074678346876
90,0,0.5315343039072135
0,1,0.5133637949620558
10,1,0.5129414500174796
31,1,0.5240164170289415
40,1,0.5119510021017073
47,1,0.6453201278115615
54,0,0.5119123360910796
56,0,0.5193391340984115
70,0,0.511820091972474
74,0,0.6467327628696873
4,1,0.5324889913183047
9,1,0.5357263029718747
19,1,0.5553508753281522
21,1,0.5325333730266457
42,1,0.5673291416640951
64,0,0.5710614986556405
65,0,0.6245752424692429
82,0,0.5325990848780103
83,0,0.5422244615093915
22,1,0.44861770172136184
34,1,0.5571784271253072
38,1,0.4608086059555797
41,1,0.5341647303308024
44,1,0.4486201073355338
57,0,0.44871780472167383
61,0,0.5988195012299171
80,0,0.45766082862462965
87,0,0.4671044238665136
6,1,0.5385032123281097
7,1,0.5416140200966792
27,1,0.5425749319801588
30,1,0.5497457934464507
48,1,0.5498524669349539
53,0,0.5574821368033411
67,0,0.5387222144724316
68,0,0.5424331462898428
75,0,0.5449281556652439
2,1,0.4932774463580441
8,1,0.4931206691923053
23,1,0.49349501109439997
24,1,0.49348114184853525
28,1,0.5
52,0,0.5185776137068693
73,0,0.4935325594849212
86,0,0.5114180105232169
89,0,0.5178560968143431
1,1,0.5054966143250931
12,1,0.6144832371121876
32,1,0.5073456423969062
37,1,0.5078302148482975
49,1,0.5077788482892582
59,0,0.5082997583172261
63,0,0.6206514621026028
71,0,0.5084059775954141
78,0,0.6803472322508792
16,1,0.5582931759421776
26,1,0.5641628056936558
36,1,0.5626699161176661
39,1,0.5640753852369716
46,1,0.5437985350022568
62,0,0.5641770615084926
66,0,0.5642877956678376
69,0,0.5642331940521587
79,0,0.5580297252202072
3,1,0.5478544605655763
5,1,0.5469087435345883
17,1,0.5596430798197866
18,1,0.5519800264371828
43,1,0.5433710459983703
55,0,0.5427068423179752
60,0,0.5428198534031681
72,0,0.5502020448819533
77,0,0.5534987365778041
