,y_true,y_pred
11,1,0.6424527163050876
14,1,0.5440980407362772
25,1,0.602823899121312
33,1,0.6424527163050876
35,1,0.602823899121312
50,0,0.6011721993670789
51,0,0.6011721993670789
58,0,0.602823899121312
81,0,0.6011721993670789
88,0,0.6424527163050876
13,1,0.5774032838775159
15,1,0.42359346958734995
20,1,0.5774032838775159
29,1,0.5765779534026908
45,1,0.5765779534026908
76,0,0.5774032838775159
84,0,0.566029896947729
85,0,0.5765779534026908
90,0,0.566029896947729
0,1,0.6184759960589744
10,1,0.49465013963819404
31,1,0.49465013963819404
40,1,0.49465013963819404
47,1,0.49465013963819404
54,0,0.49465013963819404
56,0,0.5649618297333944
70,0,0.6184759960589744
74,0,0.6184759960589744
4,1,0.5613825924796074
9,1,0.5613825924796074
19,1,0.5613825924796074
21,1,0.5706692225237275
42,1,0.5613825924796074
64,0,0.5613825924796074
65,0,0.5613825924796074
82,0,0.5576005056974024
83,0,0.4843342378674263
22,1,0.5617603575618588
34,1,0.5061286672215917
38,1,0.5617603575618588
41,1,0.5617603575618588
44,1,0.5061286672215917
57,0,0.5061286672215917
61,0,0.5617603575618588
80,0,0.5617603575618588
87,0,0.608222393184228
6,1,0.5762764141585314
7,1,0.40806184681588165
27,1,0.2904850899276968
30,1,0.5370908648569588
48,1,0.5762764141585314
53,0,0.40806184681588165
67,0,0.5762764141585314
68,0,0.5762764141585314
75,0,0.40806184681588165
2,1,0.5676492550255411
8,1,0.5580508019565144
23,1,0.5676492550255411
24,1,0.5676492550255411
28,1,0.5676492550255411
52,0,0.5580508019565144
73,0,0.5676492550255411
86,0,0.5580508019565144
89,0,0.5676492550255411
1,1,0.5142529714284423
12,1,0.6051902829529737
32,1,0.5546976052210583
37,1,0.5142529714284423
49,1,0.5142529714284423
59,0,0.5207220303704029
63,0,0.5546976052210583
71,0,0.5142529714284423
78,0,0.6229604939050665
16,1,0.4258075641332759
26,1,0.6082091979209132
36,1,0.5600950841550801
39,1,0.5102085127005972
46,1,0.5600950841550801
62,0,0.6082091979209132
66,0,0.6082091979209132
69,0,0.5102085127005972
79,0,0.4258075641332759
3,1,0.43775183275371476
5,1,0.5580472139801679
17,1,0.43775183275371476
18,1,0.5672076149167872
43,1,0.571438601266154
55,0,0.43775183275371476
60,0,0.5580472139801679
72,0,0.43775183275371476
77,0,0.5580472139801679
