,y_true,y_pred
1,1,0.7862485200647996
8,1,0.80652627220659
14,0,0.8064172854573205
24,1,0.8089619797751665
34,1,0.8064841268277806
43,1,0.8063393286585161
52,1,0.6116298681186234
80,1,0.8063358482693509
83,1,0.8085525357903315
91,0,0.8064681478856996
6,1,0.8204887251493028
9,1,0.8173835001152194
22,1,0.8183932897801659
41,1,0.8301634075297444
47,0,0.8182013540860578
50,1,0.8170236670223905
58,1,0.8174915052086049
59,0,0.7045113402041053
71,1,0.8169737954812573
95,1,0.8170341122479554
2,1,0.8157049414365242
4,1,0.6362374683074135
19,0,0.7624240939088869
30,1,0.8108973956080776
37,1,0.8155547184822265
44,1,0.8114309774635513
46,0,0.8110619863471547
82,1,0.8155900457002834
84,1,0.061170633452678834
90,1,0.8290016531654428
0,1,0.8076866095219656
3,1,0.7983685419638272
5,1,0.8074414492631932
39,1,0.8075279425146754
60,1,0.8066770175449777
64,1,0.8115997063668415
66,1,0.8070212566246208
79,1,0.8080012809501832
85,0,0.8075377452394638
88,0,0.8069600637889379
11,1,0.8045423122672591
13,1,0.8044343984412572
26,1,0.8045270879782092
31,1,0.8044733682351629
45,1,0.7623853510095923
53,1,0.8045119580236535
62,0,0.6799981398799598
73,1,0.8043576368480462
78,1,0.8043558359717683
98,0,0.8043739850478802
16,1,0.8154323690516737
21,1,0.8151400185170568
25,1,0.8153309285535094
28,1,0.8155344088296378
40,1,0.8148882943526433
48,0,0.8154075165744288
56,1,0.8155929576218167
63,1,0.7895114974634212
67,0,0.6345370754735312
68,1,0.8148653634790253
10,1,0.7990832822014664
20,1,0.7996109134973967
29,1,0.7990821682198459
35,1,0.7990859241294213
36,1,0.7990848274306381
61,0,0.799131957027023
65,1,0.8006864786828518
81,1,0.799084412700267
96,1,0.8006037670102868
99,0,0.7989820572940892
18,1,0.8587679290219371
27,1,0.8587463921691403
32,1,0.8587196039324257
55,1,0.8668131884821516
70,1,0.8642718646723486
72,0,0.860405356737994
75,1,0.3537529779502732
76,1,0.8587464420003275
92,1,0.8586423186631942
97,0,0.8614872800480419
7,1,0.8140368574606749
12,1,0.8141394549375679
15,1,0.8140247027350882
23,1,0.8370364631360231
38,1,0.8139939567686071
49,0,0.8146172302469622
51,1,0.8139798936812267
77,1,0.8140760651771926
86,0,0.8695020709330867
94,1,0.8141363302752344
17,1,0.8773530093577523
33,1,0.8716536135749213
42,1,0.8741606746775383
54,1,0.3024899142549648
57,1,0.43070789622447087
69,1,0.8716688009940705
74,1,0.8284610883454527
87,1,0.8741741258917164
89,0,0.2873377881404335
93,0,0.8307658234108096
