,y_true,y_pred
1,1,0.8568646405880573
8,1,0.9246452165282426
14,0,0.22880213880391484
24,1,0.8203430601720318
34,1,0.8888848067249638
43,1,0.8899145007682798
52,1,0.48068017510917704
80,1,0.8103809010230412
83,1,0.8480362221493644
91,0,0.70528095377979
6,1,0.8575671146733106
9,1,0.8703243021592285
22,1,0.8759803555835355
41,1,0.7959227269862508
47,0,0.5723779052095942
50,1,0.8115256131640114
58,1,0.8479161115599961
59,0,0.5829121547719959
71,1,0.8220220622635506
95,1,0.893980280250093
2,1,0.8517977979859687
4,1,0.8574904587736942
19,0,0.9762186318897018
30,1,0.8004482779961463
37,1,0.9809567703714431
44,1,0.9536226865500671
46,0,0.9206381008898284
82,1,0.9128255523494057
84,1,0.9375576569587595
90,1,0.19198639576180285
0,1,0.5
3,1,0.8960673898910555
5,1,0.900742577374575
39,1,0.8649730760886685
60,1,0.9008688522141538
64,1,0.8600041050742379
66,1,0.8881422135135381
79,1,0.8631526090944185
85,0,0.5270401351196264
88,0,0.6675564399715599
11,1,0.8681455662681546
13,1,0.7140947829969795
26,1,0.3901450469079646
31,1,0.8765701156241515
45,1,0.8749969259491335
53,1,0.8145081616821035
62,0,0.9455577620467195
73,1,0.8937336569405067
78,1,0.7870151754283311
98,0,0.47793140167913606
16,1,0.8370381617108285
21,1,0.8139104527982376
25,1,0.7697118306664146
28,1,0.826796513060126
40,1,0.862219712175005
48,0,0.6816777870863924
56,1,0.7959656594330897
63,1,0.8964388078328372
67,0,0.7507069840764453
68,1,0.8378744480492986
10,1,0.8843742307598741
20,1,0.8869083344345041
29,1,0.7987720440068756
35,1,0.8995632143281633
36,1,0.8128332123998385
61,0,0.729164359499585
65,1,0.8776582890779631
81,1,0.9303874859459309
96,1,0.45775290298258614
99,0,0.7863616619500767
18,1,0.8568636231319825
27,1,0.8489017359452871
32,1,0.8060891065219499
55,1,0.8606073461887541
70,1,0.7845283557666745
72,0,0.831474397606794
75,1,0.6883580114869756
76,1,0.4028661136086803
92,1,0.8402533279451236
97,0,0.8537259489869933
7,1,0.8910699859627792
12,1,0.8443899682641755
15,1,0.8204493535335914
23,1,0.8435621441573172
38,1,0.7656250570655735
49,0,0.8176522130061178
51,1,0.8532371931294837
77,1,0.85316603598851
86,0,0.7734439886821962
94,1,0.8281578254496064
17,1,0.8900700431173555
33,1,0.8739656788852409
42,1,0.881865729433202
54,1,0.757293168397834
57,1,0.7073434440195303
69,1,0.6781429877955497
74,1,0.636816303001396
87,1,0.86446563376984
89,0,0.8745966407556106
93,0,0.9438671875821192
