,y_true,y_pred
11,1,0.3960865304319335
14,1,0.6064460618858385
25,1,0.4598641572168576
33,1,0.45355295367122844
35,1,0.640494024627222
50,0,0.5964953395731593
51,0,0.21504685937888826
58,0,0.5851310293014792
81,0,0.3490626870643459
88,0,0.4833738749021352
13,1,0.6419335434015315
15,1,0.5176159581013221
20,1,0.5268380156318181
29,1,0.6598205450271801
45,1,0.4514983648333254
76,0,0.47793267332486955
84,0,0.5600546602550792
85,0,0.5318726864817676
90,0,0.5254417269601453
0,1,0.5687177130620622
10,1,0.5431398443991656
31,1,0.4403692325856431
40,1,0.5325719227240181
47,1,0.47906927435723834
54,0,0.6646160692901574
56,0,0.677077451123435
70,0,0.6729532330034763
74,0,0.34454328762999853
4,1,0.5062780497709758
9,1,0.5073286994319909
19,1,0.49345282120862216
21,1,0.5157000132294197
42,1,0.5081544977504915
64,0,0.5114580453579132
65,0,0.5121187448390516
82,0,0.5052433591057967
83,0,0.5162715556173328
22,1,0.7082985890377681
34,1,0.32748896233727054
38,1,0.5083426250867655
41,1,0.3941793549235641
44,1,0.5
57,0,0.4844432398877068
61,0,0.558318354557437
80,0,0.4283948560331478
87,0,0.6264133361245708
6,1,0.5552886462299088
7,1,0.5564111214393829
27,1,0.5563300955476057
30,1,0.555906490420526
48,1,0.5507779014726697
53,0,0.5438743862948188
67,0,0.5495862138495547
68,0,0.5514938597979724
75,0,0.5525638101272072
2,1,0.6385371246424364
8,1,0.6581098319568888
23,1,0.6781956176405258
24,1,0.6677817822419982
28,1,0.4025602615732331
52,0,0.44428754202130005
73,0,0.6304968803791248
86,0,0.4106479802629613
89,0,0.6127825909829181
1,1,0.5
12,1,0.5
32,1,0.492857230107877
37,1,0.47848859557909756
49,1,0.4898266227894157
59,0,0.5
63,0,0.5116440853786508
71,0,0.5109745276166446
78,0,0.5056222143034427
16,1,0.5
26,1,0.4624676884776307
36,1,0.48066559042938156
39,1,0.4684320936441531
46,1,0.5145771764876763
62,0,0.5197653744665154
66,0,0.5
69,0,0.5
79,0,0.5278560301916674
3,1,0.5111575876309903
5,1,0.5
17,1,0.5
18,1,0.48326330726390915
43,1,0.48075368324349926
55,0,0.5069226656856766
60,0,0.5
72,0,0.5
77,0,0.49429863930650686
