,y_true,y_pred
1,1,0.816469667323819
8,1,0.8012498279414969
14,0,0.8010722432030974
24,1,0.7860903841988557
34,1,0.8309096368797882
43,1,0.7535566812660928
52,1,0.7731733128640335
80,1,0.7902028534611543
83,1,0.6109595099760134
91,0,0.8051694522322288
6,1,0.8023515857392145
9,1,0.8021932136140866
22,1,0.8040165259098382
41,1,0.8021437858583139
47,0,0.8019847911904769
50,1,0.80252122160561
58,1,0.8029113944673265
59,0,0.8050941508923871
71,1,0.8026862739919207
95,1,0.8017677671761467
2,1,0.7974487472982504
4,1,0.801729965852813
19,0,0.8055846123472122
30,1,0.8042584969709962
37,1,0.794702132511925
44,1,0.8027736946617867
46,0,0.7980625662869595
82,1,0.8020994835319826
84,1,0.8019075333508409
90,1,0.805286066478421
0,1,0.8095843426566883
3,1,0.8113140569864264
5,1,0.8028036295748414
39,1,0.8077545635394937
60,1,0.8027652490700293
64,1,0.8023528981355682
66,1,0.8032918842564707
79,1,0.6833562441517127
85,0,0.7460892737019159
88,0,0.8113319631918893
11,1,0.7877558994857128
13,1,0.7897133870390622
26,1,0.8573633820455199
31,1,0.7994135081501242
45,1,0.7931538915014072
53,1,0.8001941477495277
62,0,0.7974550121299648
73,1,0.7943132539162304
78,1,0.7975572855601973
98,0,0.7936738542005279
16,1,0.8016753087356456
21,1,0.8024591173231658
25,1,0.8015834095328478
28,1,0.8015700699088413
40,1,0.8012982615429491
48,0,0.8016316046535943
56,1,0.8023572062741137
63,1,0.8067073792397758
67,0,0.8018463032947134
68,1,0.8016763150085873
10,1,0.7992733013892218
20,1,0.7893845876092017
29,1,0.8070401150062538
35,1,0.8065422420942565
36,1,0.777644067197978
61,0,0.7993820168078807
65,1,0.7987285597587928
81,1,0.8094388668673284
96,1,0.8041315198514685
99,0,0.8038978406107552
18,1,0.8085178660970591
27,1,0.893167280932555
32,1,0.8074731353520878
55,1,0.7644475401179106
70,1,0.8090310087288495
72,0,0.8109809754954348
75,1,0.5130613441969564
76,1,0.7940798676391302
92,1,0.8069865464110679
97,0,0.8127833612450635
7,1,0.784141528760189
12,1,0.7986118913504274
15,1,0.8002178847298875
23,1,0.8008601726946906
38,1,0.7977995010876826
49,0,0.7886001976460479
51,1,0.7996197548597842
77,1,0.8017350469394083
86,0,0.7950577978389758
94,1,0.7985608807091276
17,1,0.7582313055581623
33,1,0.7598408289338192
42,1,0.8038545401018521
54,1,0.8042591755336682
57,1,0.8094567097750467
69,1,0.8139933531750984
74,1,0.8107478879530444
87,1,0.8074489281437738
89,0,0.8031101674535955
93,0,0.8058623934913034
