,y_true,y_pred
0,0,0.48635968059077433
11,0,0.5050480851917853
12,1,0.88217819364344
23,1,0.9984367668793218
40,1,0.9156986288226024
50,1,0.9999999844474003
7,1,0.1962062312219325
17,1,0.9981313835701823
20,0,0.44533385633182254
22,1,3.8377207298700025e-10
36,0,0.18025044692599929
3,1,0.9834582116870861
5,0,0.2016666634606298
15,1,0.8986088893226861
32,1,0.9697151202193572
42,0,0.8030499134709651
2,1,0.9997691828940206
4,1,0.9999931360542942
39,1,0.9978085040929002
46,0,0.9990445916021222
49,0,0.9996333746475597
14,1,0.9999999999921523
18,0,0.0028826752439349785
30,1,0.9860286622368873
31,1,0.22291274359557592
37,0,0.9677144411701039
8,1,0.9727093814967811
9,0,0.9999598252182067
26,1,0.9999999791574306
33,1,0.9990186980194098
47,0,0.9999748729603702
1,1,0.999222776847768
25,0,0.9852788857764974
35,1,0.9917679332399457
43,1,0.6277737080976052
44,0,0.7786725890567043
6,1,0.03090901701444274
21,1,0.097999533326617
24,1,0.9790281589448651
27,0,0.9875826048486251
48,0,0.9037194435358077
16,1,0.5837503329955903
19,0,0.00018701856885712322
29,0,0.0032224900967408815
38,1,0.9999962944049097
45,1,0.9999999995926705
10,1,0.9999999937602597
13,1,0.9999999999965878
28,1,4.322600971078087e-10
34,1,0.018478171341111738
41,0,4.3309290552244074e-07
