,y_true,y_pred
0,0,0.0992504986736812
11,0,0.013405453660057184
12,1,0.8077440257759705
23,1,0.9291489125708358
40,1,0.7446885517660008
50,1,0.9929872724125914
7,1,0.8576288738345261
17,1,0.9604524908936084
20,0,0.9764475385772995
22,1,0.698858101928846
36,0,0.2857804629252708
3,1,0.5968791576909218
5,0,0.27119221003442
15,1,0.8810301107460955
32,1,0.6524432967884388
42,0,0.02240578342957806
2,1,0.9330076176914126
4,1,0.9537918553652767
39,1,0.9782962876340481
46,0,0.5239268213429837
49,0,0.26679551492982057
14,1,0.9823854523934209
18,0,0.02847404083028737
30,1,0.8045480474542553
31,1,0.36876905384874964
37,0,0.7668032405618675
8,1,0.8839587412684249
9,0,0.322789117833611
26,1,0.8838244662038083
33,1,0.9752237458338098
47,0,0.2948518369060396
1,1,0.9979194396797567
25,0,0.882199722693722
35,1,0.9965720365072502
43,1,0.5343127800568805
44,0,0.048207906902995944
6,1,0.9355016133664662
21,1,0.9733093307023256
24,1,0.955851600825057
27,0,0.18451480498145625
48,0,0.3096793405239546
16,1,0.5493559275453888
19,0,0.13280718191453175
29,0,0.15515967295040528
38,1,0.9954436523371704
45,1,0.9999926215321466
10,1,0.8688648934322863
13,1,0.9692734218581748
28,1,0.5016078818579015
34,1,0.3914860715040501
41,0,0.19139249240618506
